bank,id,voice,duration,peak_dbfs,status,error
VB01,VOX_SEL_READY_01,Tony - Tough Cocky,1.07,-1.6,ok,
VB01,VOX_ORD_KILL_02,Tony - Tough Cocky,1.07,-1.6,ok,
VB02,VOX_SEL_READY_01,Syndicate - Top G,0.88,-1.6,ok,
VB03,VOX_SEL_READY_01,Pauly - Brooklyn Wise Guy,1.16,-1.7,ok,
VB04,VOX_SEL_READY_01,Dante - Dark Mafia,1.21,-1.5,ok,
VB05,VOX_SEL_READY_01,David - Deep Southern,0.84,-1.7,ok,
VB06,VOX_SEL_READY_01,Antonio - Grumpy Grandpa,1.11,-1.5,ok,
VB07,VOX_SEL_READY_01,Jerry B. - NY Italian,0.93,-2.2,ok,
VB08,VOX_SEL_READY_01,Austin - Deep Raspy,0.98,-1.5,ok,
VB01,VOX_SEL_READY_02,Tony - Tough Cocky,0.93,-1.5,ok,
VB02,VOX_SEL_READY_02,Syndicate - Top G,0.70,-1.5,ok,
VB03,VOX_SEL_READY_02,Pauly - Brooklyn Wise Guy,1.02,-1.9,ok,
VB04,VOX_SEL_READY_02,Dante - Dark Mafia,0.88,-1.5,ok,
VB05,VOX_SEL_READY_02,David - Deep Southern,0.88,-1.5,ok,
VB06,VOX_SEL_READY_02,Antonio - Grumpy Grandpa,1.07,-1.5,ok,
VB07,VOX_SEL_READY_02,Jerry B. - NY Italian,0.93,-1.5,ok,
VB08,VOX_SEL_READY_02,Austin - Deep Raspy,0.88,-1.5,ok,
VB01,VOX_SEL_READY_03,Tony - Tough Cocky,1.11,-1.6,ok,
VB02,VOX_SEL_READY_03,Syndicate - Top G,0.98,-1.5,ok,
VB03,VOX_SEL_READY_03,Pauly - Brooklyn Wise Guy,1.44,-2.7,ok,
VB04,VOX_SEL_READY_03,Dante - Dark Mafia,1.25,-1.5,ok,
VB05,VOX_SEL_READY_03,David - Deep Southern,1.39,-3.8,ok,
VB06,VOX_SEL_READY_03,Antonio - Grumpy Grandpa,1.25,-1.5,ok,
VB07,VOX_SEL_READY_03,Jerry B. - NY Italian,1.07,-1.5,ok,
VB08,VOX_SEL_READY_03,Austin - Deep Raspy,1.11,-1.6,ok,
VB01,VOX_SEL_READY_04,Tony - Tough Cocky,0.98,-1.5,ok,
VB02,VOX_SEL_READY_04,Syndicate - Top G,0.93,-1.9,ok,
VB03,VOX_SEL_READY_04,Pauly - Brooklyn Wise Guy,1.21,-1.7,ok,
VB04,VOX_SEL_READY_04,Dante - Dark Mafia,1.39,-2.5,ok,
VB05,VOX_SEL_READY_04,David - Deep Southern,0.98,-3.8,ok,
VB06,VOX_SEL_READY_04,Antonio - Grumpy Grandpa,1.21,-1.6,ok,
VB07,VOX_SEL_READY_04,Jerry B. - NY Italian,0.98,-1.5,ok,
VB08,VOX_SEL_READY_04,Austin - Deep Raspy,1.02,-1.6,ok,
VB01,VOX_SEL_CAR_01,Tony - Tough Cocky,1.16,-1.5,ok,
VB02,VOX_SEL_CAR_01,Syndicate - Top G,1.07,-1.5,ok,
VB03,VOX_SEL_CAR_01,Pauly - Brooklyn Wise Guy,1.44,-1.6,ok,
VB04,VOX_SEL_CAR_01,Dante - Dark Mafia,1.53,-1.5,ok,
VB05,VOX_SEL_CAR_01,David - Deep Southern,1.30,-2.0,ok,
VB06,VOX_SEL_CAR_01,Antonio - Grumpy Grandpa,1.44,-1.5,ok,
VB07,VOX_SEL_CAR_01,Jerry B. - NY Italian,1.07,-1.5,ok,
VB08,VOX_SEL_CAR_01,Austin - Deep Raspy,1.16,-1.5,ok,
VB01,VOX_SEL_CAR_02,Tony - Tough Cocky,1.16,-1.5,ok,
VB02,VOX_SEL_CAR_02,Syndicate - Top G,1.16,-2.9,ok,
VB03,VOX_SEL_CAR_02,Pauly - Brooklyn Wise Guy,1.30,-2.3,ok,
VB04,VOX_SEL_CAR_02,Dante - Dark Mafia,1.35,-1.5,ok,
VB05,VOX_SEL_CAR_02,David - Deep Southern,1.21,-2.9,ok,
VB06,VOX_SEL_CAR_02,Antonio - Grumpy Grandpa,1.25,-1.6,ok,
VB07,VOX_SEL_CAR_02,Jerry B. - NY Italian,1.16,-1.5,ok,
VB08,VOX_SEL_CAR_02,Austin - Deep Raspy,1.11,-1.5,ok,
VB01,VOX_SEL_INSIDE_01,Tony - Tough Cocky,1.25,-1.6,ok,
VB02,VOX_SEL_INSIDE_01,Syndicate - Top G,1.16,-1.5,ok,
VB03,VOX_SEL_INSIDE_01,Pauly - Brooklyn Wise Guy,1.72,-2.1,ok,
VB04,VOX_SEL_INSIDE_01,Dante - Dark Mafia,1.39,-1.5,ok,
VB05,VOX_SEL_INSIDE_01,David - Deep Southern,1.39,-1.5,ok,
VB06,VOX_SEL_INSIDE_01,Antonio - Grumpy Grandpa,1.25,-1.5,ok,
VB07,VOX_SEL_INSIDE_01,Jerry B. - NY Italian,1.21,-1.5,ok,
VB08,VOX_SEL_INSIDE_01,Austin - Deep Raspy,1.21,-1.5,ok,
VB01,VOX_SEL_INSIDE_02,Tony - Tough Cocky,1.44,-1.6,ok,
VB02,VOX_SEL_INSIDE_02,Syndicate - Top G,1.25,-1.5,ok,
VB03,VOX_SEL_INSIDE_02,Pauly - Brooklyn Wise Guy,1.81,-1.5,ok,
VB04,VOX_SEL_INSIDE_02,Dante - Dark Mafia,1.76,-1.5,ok,
VB05,VOX_SEL_INSIDE_02,David - Deep Southern,1.49,-4.0,ok,
VB06,VOX_SEL_INSIDE_02,Antonio - Grumpy Grandpa,1.44,-1.5,ok,
VB07,VOX_SEL_INSIDE_02,Jerry B. - NY Italian,1.44,-1.6,ok,
VB08,VOX_SEL_INSIDE_02,Austin - Deep Raspy,1.30,-1.5,ok,
VB01,VOX_SEL_HURT_01,Tony - Tough Cocky,1.39,-1.5,ok,
VB02,VOX_SEL_HURT_01,Syndicate - Top G,1.49,-1.5,ok,
VB03,VOX_SEL_HURT_01,Pauly - Brooklyn Wise Guy,2.04,-1.7,ok,
VB04,VOX_SEL_HURT_01,Dante - Dark Mafia,2.14,-1.5,ok,
VB05,VOX_SEL_HURT_01,David - Deep Southern,1.44,-4.0,ok,
VB06,VOX_SEL_HURT_01,Antonio - Grumpy Grandpa,1.76,-1.5,ok,
VB07,VOX_SEL_HURT_01,Jerry B. - NY Italian,1.11,-1.5,ok,
VB08,VOX_SEL_HURT_01,Austin - Deep Raspy,1.49,-1.5,ok,
VB01,VOX_SEL_HURT_02,Tony - Tough Cocky,2.00,-1.5,ok,
VB02,VOX_SEL_HURT_02,Syndicate - Top G,1.72,-2.5,ok,
VB03,VOX_SEL_HURT_02,Pauly - Brooklyn Wise Guy,2.37,-1.5,ok,
VB04,VOX_SEL_HURT_02,Dante - Dark Mafia,2.23,-1.5,ok,
VB05,VOX_SEL_HURT_02,David - Deep Southern,2.04,-2.8,ok,
VB06,VOX_SEL_HURT_02,Antonio - Grumpy Grandpa,1.90,-1.5,ok,
VB07,VOX_SEL_HURT_02,Jerry B. - NY Italian,2.18,-1.5,ok,
VB08,VOX_SEL_HURT_02,Austin - Deep Raspy,1.67,-1.5,ok,
VB01,VOX_SEL_ROUND_01,Tony - Tough Cocky,1.35,-1.5,ok,
VB02,VOX_SEL_ROUND_01,Syndicate - Top G,1.21,-1.5,ok,
VB03,VOX_SEL_ROUND_01,Pauly - Brooklyn Wise Guy,1.58,-1.6,ok,
VB04,VOX_SEL_ROUND_01,Dante - Dark Mafia,1.58,-1.5,ok,
VB05,VOX_SEL_ROUND_01,David - Deep Southern,1.49,-1.8,ok,
VB06,VOX_SEL_ROUND_01,Antonio - Grumpy Grandpa,1.30,-1.9,ok,
VB07,VOX_SEL_ROUND_01,Jerry B. - NY Italian,1.35,-1.5,ok,
VB08,VOX_SEL_ROUND_01,Austin - Deep Raspy,1.39,-1.5,ok,
VB01,VOX_SEL_FEW_01,Tony - Tough Cocky,1.39,-1.6,ok,
VB02,VOX_SEL_FEW_01,Syndicate - Top G,1.21,-2.1,ok,
VB03,VOX_SEL_FEW_01,Pauly - Brooklyn Wise Guy,1.49,-4.1,ok,
VB04,VOX_SEL_FEW_01,Dante - Dark Mafia,1.35,-1.5,ok,
VB05,VOX_SEL_FEW_01,David - Deep Southern,1.25,-2.5,ok,
VB06,VOX_SEL_FEW_01,Antonio - Grumpy Grandpa,1.58,-1.5,ok,
VB07,VOX_SEL_FEW_01,Jerry B. - NY Italian,1.21,-1.5,ok,
VB08,VOX_SEL_FEW_01,Austin - Deep Raspy,1.21,-1.5,ok,
VB01,VOX_ORD_MOVE_01,Tony - Tough Cocky,0.93,-1.6,ok,
VB02,VOX_ORD_MOVE_01,Syndicate - Top G,0.74,-2.9,ok,
VB03,VOX_ORD_MOVE_01,Pauly - Brooklyn Wise Guy,1.07,-3.3,ok,
VB04,VOX_ORD_MOVE_01,Dante - Dark Mafia,0.98,-1.6,ok,
VB05,VOX_ORD_MOVE_01,David - Deep Southern,0.93,-2.5,ok,
VB06,VOX_ORD_MOVE_01,Antonio - Grumpy Grandpa,1.02,-1.5,ok,
VB07,VOX_ORD_MOVE_01,Jerry B. - NY Italian,0.93,-1.5,ok,
VB08,VOX_ORD_MOVE_01,Austin - Deep Raspy,1.02,-1.6,ok,
VB01,VOX_ORD_MOVE_02,Tony - Tough Cocky,1.02,-1.9,ok,
VB02,VOX_ORD_MOVE_02,Syndicate - Top G,0.98,-4.4,ok,
VB03,VOX_ORD_MOVE_02,Pauly - Brooklyn Wise Guy,1.35,-4.9,ok,
VB04,VOX_ORD_MOVE_02,Dante - Dark Mafia,1.11,-1.6,ok,
VB05,VOX_ORD_MOVE_02,David - Deep Southern,1.02,-3.5,ok,
VB06,VOX_ORD_MOVE_02,Antonio - Grumpy Grandpa,1.11,-1.5,ok,
VB07,VOX_ORD_MOVE_02,Jerry B. - NY Italian,0.98,-1.5,ok,
VB08,VOX_ORD_MOVE_02,Austin - Deep Raspy,0.98,-1.5,ok,
VB01,VOX_ORD_MOVE_03,Tony - Tough Cocky,0.84,-1.5,ok,
VB02,VOX_ORD_MOVE_03,Syndicate - Top G,0.60,-1.5,ok,
VB03,VOX_ORD_MOVE_03,Pauly - Brooklyn Wise Guy,0.84,-3.6,ok,
VB04,VOX_ORD_MOVE_03,Dante - Dark Mafia,0.74,-1.5,ok,
VB05,VOX_ORD_MOVE_03,David - Deep Southern,0.65,-1.5,ok,
VB06,VOX_ORD_MOVE_03,Antonio - Grumpy Grandpa,0.84,-1.5,ok,
VB07,VOX_ORD_MOVE_03,Jerry B. - NY Italian,0.79,-1.5,ok,
VB08,VOX_ORD_MOVE_03,Austin - Deep Raspy,0.74,-1.5,ok,
VB01,VOX_ORD_RUN_01,Tony - Tough Cocky,1.02,-1.5,ok,
VB02,VOX_ORD_RUN_01,Syndicate - Top G,0.88,-1.6,ok,
VB03,VOX_ORD_RUN_01,Pauly - Brooklyn Wise Guy,1.16,-1.9,ok,
VB04,VOX_ORD_RUN_01,Dante - Dark Mafia,1.35,-1.5,ok,
VB05,VOX_ORD_RUN_01,David - Deep Southern,0.98,-5.9,ok,
VB06,VOX_ORD_RUN_01,Antonio - Grumpy Grandpa,1.02,-1.5,ok,
VB07,VOX_ORD_RUN_01,Jerry B. - NY Italian,1.02,-2.6,ok,
VB08,VOX_ORD_RUN_01,Austin - Deep Raspy,1.11,-1.7,ok,
VB01,VOX_ORD_RUN_02,Tony - Tough Cocky,0.88,-1.5,ok,
VB02,VOX_ORD_RUN_02,Syndicate - Top G,0.93,-2.8,ok,
VB03,VOX_ORD_RUN_02,Pauly - Brooklyn Wise Guy,1.44,-1.9,ok,
VB04,VOX_ORD_RUN_02,Dante - Dark Mafia,1.07,-1.5,ok,
VB05,VOX_ORD_RUN_02,David - Deep Southern,0.93,-3.0,ok,
VB06,VOX_ORD_RUN_02,Antonio - Grumpy Grandpa,1.25,-1.7,ok,
VB07,VOX_ORD_RUN_02,Jerry B. - NY Italian,0.93,-1.6,ok,
VB08,VOX_ORD_RUN_02,Austin - Deep Raspy,0.93,-1.5,ok,
VB01,VOX_ORD_RUN_03,Tony - Tough Cocky,0.98,-1.5,ok,
VB02,VOX_ORD_RUN_03,Syndicate - Top G,1.02,-1.5,ok,
VB03,VOX_ORD_RUN_03,Pauly - Brooklyn Wise Guy,1.25,-3.2,ok,
VB04,VOX_ORD_RUN_03,Dante - Dark Mafia,1.30,-1.5,ok,
VB05,VOX_ORD_RUN_03,David - Deep Southern,1.21,-4.1,ok,
VB06,VOX_ORD_RUN_03,Antonio - Grumpy Grandpa,1.44,-1.5,ok,
VB07,VOX_ORD_RUN_03,Jerry B. - NY Italian,1.07,-1.5,ok,
VB08,VOX_ORD_RUN_03,Austin - Deep Raspy,1.02,-1.5,ok,
VB01,VOX_ORD_COVER_01,Tony - Tough Cocky,1.39,-1.5,ok,
VB02,VOX_ORD_COVER_01,Syndicate - Top G,1.35,-2.6,ok,
VB03,VOX_ORD_COVER_01,Pauly - Brooklyn Wise Guy,1.49,-1.5,ok,
VB04,VOX_ORD_COVER_01,Dante - Dark Mafia,1.76,-1.5,ok,
VB05,VOX_ORD_COVER_01,David - Deep Southern,1.53,-2.2,ok,
VB06,VOX_ORD_COVER_01,Antonio - Grumpy Grandpa,1.49,-1.5,ok,
VB07,VOX_ORD_COVER_01,Jerry B. - NY Italian,1.39,-1.5,ok,
VB08,VOX_ORD_COVER_01,Austin - Deep Raspy,1.39,-1.5,ok,
VB01,VOX_ORD_COVER_02,Tony - Tough Cocky,1.35,-1.5,ok,
VB02,VOX_ORD_COVER_02,Syndicate - Top G,1.21,-1.5,ok,
VB03,VOX_ORD_COVER_02,Pauly - Brooklyn Wise Guy,1.76,-1.5,ok,
VB04,VOX_ORD_COVER_02,Dante - Dark Mafia,1.95,-1.6,ok,
VB05,VOX_ORD_COVER_02,David - Deep Southern,1.25,-2.5,ok,
VB06,VOX_ORD_COVER_02,Antonio - Grumpy Grandpa,1.63,-1.5,ok,
VB07,VOX_ORD_COVER_02,Jerry B. - NY Italian,1.25,-1.5,ok,
VB08,VOX_ORD_COVER_02,Austin - Deep Raspy,1.25,-1.5,ok,
VB01,VOX_ORD_COVER_03,Tony - Tough Cocky,1.30,-1.6,ok,
VB02,VOX_ORD_COVER_03,Syndicate - Top G,1.39,-1.5,ok,
VB03,VOX_ORD_COVER_03,Pauly - Brooklyn Wise Guy,1.53,-1.5,ok,
VB04,VOX_ORD_COVER_03,Dante - Dark Mafia,1.67,-1.5,ok,
VB05,VOX_ORD_COVER_03,David - Deep Southern,1.35,-2.3,ok,
VB06,VOX_ORD_COVER_03,Antonio - Grumpy Grandpa,1.44,-1.6,ok,
VB07,VOX_ORD_COVER_03,Jerry B. - NY Italian,1.25,-1.5,ok,
VB08,VOX_ORD_COVER_03,Austin - Deep Raspy,1.11,-2.2,ok,
VB01,VOX_ORD_KILL_01,Tony - Tough Cocky,1.35,-1.5,ok,
VB02,VOX_ORD_KILL_01,Syndicate - Top G,1.21,-1.9,ok,
VB03,VOX_ORD_KILL_01,Pauly - Brooklyn Wise Guy,1.49,-2.2,ok,
VB04,VOX_ORD_KILL_01,Dante - Dark Mafia,1.90,-1.5,ok,
VB05,VOX_ORD_KILL_01,David - Deep Southern,1.30,-3.0,ok,
VB06,VOX_ORD_KILL_01,Antonio - Grumpy Grandpa,1.58,-1.5,ok,
VB07,VOX_ORD_KILL_01,Jerry B. - NY Italian,1.39,-1.5,ok,
VB08,VOX_ORD_KILL_01,Austin - Deep Raspy,1.35,-1.5,ok,
VB02,VOX_ORD_KILL_02,Syndicate - Top G,1.07,-1.5,ok,
VB03,VOX_ORD_KILL_02,Pauly - Brooklyn Wise Guy,1.44,-2.0,ok,
VB04,VOX_ORD_KILL_02,Dante - Dark Mafia,1.07,-1.5,ok,
VB05,VOX_ORD_KILL_02,David - Deep Southern,1.11,-2.5,ok,
VB06,VOX_ORD_KILL_02,Antonio - Grumpy Grandpa,1.30,-1.8,ok,
VB07,VOX_ORD_KILL_02,Jerry B. - NY Italian,1.02,-1.6,ok,
VB08,VOX_ORD_KILL_02,Austin - Deep Raspy,1.07,-1.6,ok,
VB01,VOX_ORD_KILL_03,Tony - Tough Cocky,1.07,-1.6,ok,
VB02,VOX_ORD_KILL_03,Syndicate - Top G,0.88,-1.9,ok,
VB03,VOX_ORD_KILL_03,Pauly - Brooklyn Wise Guy,1.21,-1.7,ok,
VB04,VOX_ORD_KILL_03,Dante - Dark Mafia,1.25,-1.9,ok,
VB05,VOX_ORD_KILL_03,David - Deep Southern,1.11,-1.5,ok,
VB06,VOX_ORD_KILL_03,Antonio - Grumpy Grandpa,1.25,-1.5,ok,
VB07,VOX_ORD_KILL_03,Jerry B. - NY Italian,1.02,-1.6,ok,
VB08,VOX_ORD_KILL_03,Austin - Deep Raspy,1.02,-1.5,ok,
VB01,VOX_ORD_DRIVEBY_01,Tony - Tough Cocky,1.35,-1.5,ok,
VB02,VOX_ORD_DRIVEBY_01,Syndicate - Top G,1.11,-1.5,ok,
VB03,VOX_ORD_DRIVEBY_01,Pauly - Brooklyn Wise Guy,1.58,-1.5,ok,
VB04,VOX_ORD_DRIVEBY_01,Dante - Dark Mafia,1.49,-1.5,ok,
VB05,VOX_ORD_DRIVEBY_01,David - Deep Southern,1.30,-2.3,ok,
VB06,VOX_ORD_DRIVEBY_01,Antonio - Grumpy Grandpa,1.49,-1.5,ok,
VB07,VOX_ORD_DRIVEBY_01,Jerry B. - NY Italian,1.21,-1.5,ok,
VB08,VOX_ORD_DRIVEBY_01,Austin - Deep Raspy,1.35,-1.5,ok,
VB01,VOX_ORD_DRIVEBY_02,Tony - Tough Cocky,1.49,-1.6,ok,
VB02,VOX_ORD_DRIVEBY_02,Syndicate - Top G,1.76,-1.5,ok,
VB03,VOX_ORD_DRIVEBY_02,Pauly - Brooklyn Wise Guy,2.09,-2.7,ok,
VB04,VOX_ORD_DRIVEBY_02,Dante - Dark Mafia,2.18,-1.5,ok,
VB05,VOX_ORD_DRIVEBY_02,David - Deep Southern,1.76,-2.0,ok,
VB06,VOX_ORD_DRIVEBY_02,Antonio - Grumpy Grandpa,2.04,-1.5,ok,
VB07,VOX_ORD_DRIVEBY_02,Jerry B. - NY Italian,1.76,-1.5,ok,
VB08,VOX_ORD_DRIVEBY_02,Austin - Deep Raspy,1.67,-1.6,ok,
VB01,VOX_ORD_DRIVEBY_03,Tony - Tough Cocky,1.39,-1.5,ok,
VB02,VOX_ORD_DRIVEBY_03,Syndicate - Top G,1.63,-1.5,ok,
VB03,VOX_ORD_DRIVEBY_03,Pauly - Brooklyn Wise Guy,1.86,-1.5,ok,
VB04,VOX_ORD_DRIVEBY_03,Dante - Dark Mafia,2.04,-1.5,ok,
VB05,VOX_ORD_DRIVEBY_03,David - Deep Southern,1.44,-2.6,ok,
VB06,VOX_ORD_DRIVEBY_03,Antonio - Grumpy Grandpa,1.58,-1.5,ok,
VB07,VOX_ORD_DRIVEBY_03,Jerry B. - NY Italian,1.44,-1.5,ok,
VB08,VOX_ORD_DRIVEBY_03,Austin - Deep Raspy,1.44,-1.5,ok,
VB01,VOX_ORD_GRENADE_01,Tony - Tough Cocky,1.16,-1.6,ok,
VB02,VOX_ORD_GRENADE_01,Syndicate - Top G,1.16,-1.5,ok,
VB03,VOX_ORD_GRENADE_01,Pauly - Brooklyn Wise Guy,1.35,-1.5,ok,
VB04,VOX_ORD_GRENADE_01,Dante - Dark Mafia,1.49,-1.5,ok,
VB05,VOX_ORD_GRENADE_01,David - Deep Southern,1.11,-6.2,ok,
VB06,VOX_ORD_GRENADE_01,Antonio - Grumpy Grandpa,1.25,-5.6,ok,
VB07,VOX_ORD_GRENADE_01,Jerry B. - NY Italian,1.11,-2.7,ok,
VB08,VOX_ORD_GRENADE_01,Austin - Deep Raspy,1.11,-4.0,ok,
VB01,VOX_ORD_GRENADE_02,Tony - Tough Cocky,0.98,-1.5,ok,
VB02,VOX_ORD_GRENADE_02,Syndicate - Top G,1.07,-1.5,ok,
VB03,VOX_ORD_GRENADE_02,Pauly - Brooklyn Wise Guy,1.44,-2.1,ok,
VB04,VOX_ORD_GRENADE_02,Dante - Dark Mafia,1.63,-2.7,ok,
VB05,VOX_ORD_GRENADE_02,David - Deep Southern,1.21,-7.1,ok,
VB06,VOX_ORD_GRENADE_02,Antonio - Grumpy Grandpa,1.11,-1.5,ok,
VB07,VOX_ORD_GRENADE_02,Jerry B. - NY Italian,0.93,-1.5,ok,
VB08,VOX_ORD_GRENADE_02,Austin - Deep Raspy,1.30,-1.5,ok,
VB01,VOX_ORD_GRENADE_03,Tony - Tough Cocky,1.02,-1.7,ok,
VB02,VOX_ORD_GRENADE_03,Syndicate - Top G,0.88,-2.6,ok,
VB03,VOX_ORD_GRENADE_03,Pauly - Brooklyn Wise Guy,1.21,-3.2,ok,
VB04,VOX_ORD_GRENADE_03,Dante - Dark Mafia,1.21,-1.5,ok,
VB05,VOX_ORD_GRENADE_03,David - Deep Southern,0.98,-1.5,ok,
VB06,VOX_ORD_GRENADE_03,Antonio - Grumpy Grandpa,1.21,-1.5,ok,
VB07,VOX_ORD_GRENADE_03,Jerry B. - NY Italian,0.93,-1.5,ok,
VB08,VOX_ORD_GRENADE_03,Austin - Deep Raspy,0.98,-1.5,ok,
VB01,VOX_ORD_DOORBOMB_01,Tony - Tough Cocky,1.16,-1.5,ok,
VB02,VOX_ORD_DOORBOMB_01,Syndicate - Top G,0.74,-1.5,ok,
VB03,VOX_ORD_DOORBOMB_01,Pauly - Brooklyn Wise Guy,1.25,-2.0,ok,
VB04,VOX_ORD_DOORBOMB_01,Dante - Dark Mafia,1.11,-1.5,ok,
VB05,VOX_ORD_DOORBOMB_01,David - Deep Southern,1.07,-2.7,ok,
VB06,VOX_ORD_DOORBOMB_01,Antonio - Grumpy Grandpa,1.02,-1.5,ok,
VB07,VOX_ORD_DOORBOMB_01,Jerry B. - NY Italian,1.02,-1.6,ok,
VB08,VOX_ORD_DOORBOMB_01,Austin - Deep Raspy,0.98,-1.5,ok,
VB01,VOX_ORD_DOORBOMB_02,Tony - Tough Cocky,1.44,-1.5,ok,
VB02,VOX_ORD_DOORBOMB_02,Syndicate - Top G,1.39,-1.7,ok,
VB03,VOX_ORD_DOORBOMB_02,Pauly - Brooklyn Wise Guy,1.58,-2.6,ok,
VB04,VOX_ORD_DOORBOMB_02,Dante - Dark Mafia,1.76,-1.5,ok,
VB05,VOX_ORD_DOORBOMB_02,David - Deep Southern,1.25,-2.8,ok,
VB06,VOX_ORD_DOORBOMB_02,Antonio - Grumpy Grandpa,1.30,-2.5,ok,
VB07,VOX_ORD_DOORBOMB_02,Jerry B. - NY Italian,1.35,-1.5,ok,
VB08,VOX_ORD_DOORBOMB_02,Austin - Deep Raspy,1.58,-1.6,ok,
VB01,VOX_ORD_CARBOMB_01,Tony - Tough Cocky,1.53,-1.5,ok,
VB02,VOX_ORD_CARBOMB_01,Syndicate - Top G,1.63,-1.6,ok,
VB03,VOX_ORD_CARBOMB_01,Pauly - Brooklyn Wise Guy,1.95,-1.6,ok,
VB04,VOX_ORD_CARBOMB_01,Dante - Dark Mafia,1.90,-1.5,ok,
VB05,VOX_ORD_CARBOMB_01,David - Deep Southern,1.72,-3.5,ok,
VB06,VOX_ORD_CARBOMB_01,Antonio - Grumpy Grandpa,1.81,-1.5,ok,
VB07,VOX_ORD_CARBOMB_01,Jerry B. - NY Italian,1.49,-1.5,ok,
VB08,VOX_ORD_CARBOMB_01,Austin - Deep Raspy,1.63,-1.5,ok,
VB01,VOX_ORD_CARBOMB_02,Tony - Tough Cocky,1.58,-1.5,ok,
VB02,VOX_ORD_CARBOMB_02,Syndicate - Top G,1.86,-1.6,ok,
VB03,VOX_ORD_CARBOMB_02,Pauly - Brooklyn Wise Guy,2.00,-1.6,ok,
VB04,VOX_ORD_CARBOMB_02,Dante - Dark Mafia,2.00,-1.5,ok,
VB05,VOX_ORD_CARBOMB_02,David - Deep Southern,1.53,-2.9,ok,
VB06,VOX_ORD_CARBOMB_02,Antonio - Grumpy Grandpa,1.90,-1.5,ok,
VB07,VOX_ORD_CARBOMB_02,Jerry B. - NY Italian,1.49,-1.6,ok,
VB08,VOX_ORD_CARBOMB_02,Austin - Deep Raspy,1.49,-1.5,ok,
VB01,VOX_ORD_CARBOMB_03,Tony - Tough Cocky,2.09,-1.5,ok,
VB02,VOX_ORD_CARBOMB_03,Syndicate - Top G,1.81,-2.1,ok,
VB03,VOX_ORD_CARBOMB_03,Pauly - Brooklyn Wise Guy,2.46,-2.8,ok,
VB04,VOX_ORD_CARBOMB_03,Dante - Dark Mafia,2.32,-1.5,ok,
VB05,VOX_ORD_CARBOMB_03,David - Deep Southern,2.04,-1.5,ok,
VB06,VOX_ORD_CARBOMB_03,Antonio - Grumpy Grandpa,2.14,-1.5,ok,
VB07,VOX_ORD_CARBOMB_03,Jerry B. - NY Italian,2.14,-1.5,ok,
VB08,VOX_ORD_CARBOMB_03,Austin - Deep Raspy,1.95,-1.6,ok,
VB01,VOX_ORD_SHOOTCAR_01,Tony - Tough Cocky,1.44,-1.5,ok,
VB02,VOX_ORD_SHOOTCAR_01,Syndicate - Top G,1.39,-1.5,ok,
VB03,VOX_ORD_SHOOTCAR_01,Pauly - Brooklyn Wise Guy,1.58,-3.1,ok,
VB04,VOX_ORD_SHOOTCAR_01,Dante - Dark Mafia,1.90,-1.5,ok,
VB05,VOX_ORD_SHOOTCAR_01,David - Deep Southern,1.44,-2.8,ok,
VB06,VOX_ORD_SHOOTCAR_01,Antonio - Grumpy Grandpa,1.58,-1.5,ok,
VB07,VOX_ORD_SHOOTCAR_01,Jerry B. - NY Italian,1.30,-1.5,ok,
VB08,VOX_ORD_SHOOTCAR_01,Austin - Deep Raspy,1.49,-1.5,ok,
VB01,VOX_ORD_SHOOTCAR_02,Tony - Tough Cocky,1.44,-1.6,ok,
VB02,VOX_ORD_SHOOTCAR_02,Syndicate - Top G,1.49,-2.2,ok,
VB03,VOX_ORD_SHOOTCAR_02,Pauly - Brooklyn Wise Guy,1.81,-1.7,ok,
VB04,VOX_ORD_SHOOTCAR_02,Dante - Dark Mafia,1.81,-1.5,ok,
VB05,VOX_ORD_SHOOTCAR_02,David - Deep Southern,1.53,-1.8,ok,
VB06,VOX_ORD_SHOOTCAR_02,Antonio - Grumpy Grandpa,1.58,-1.5,ok,
VB07,VOX_ORD_SHOOTCAR_02,Jerry B. - NY Italian,1.44,-1.5,ok,
VB08,VOX_ORD_SHOOTCAR_02,Austin - Deep Raspy,1.49,-1.6,ok,
VB01,VOX_ORD_BOARD_01,Tony - Tough Cocky,1.21,-1.6,ok,
VB02,VOX_ORD_BOARD_01,Syndicate - Top G,1.30,-1.5,ok,
VB03,VOX_ORD_BOARD_01,Pauly - Brooklyn Wise Guy,1.49,-1.5,ok,
VB04,VOX_ORD_BOARD_01,Dante - Dark Mafia,1.76,-1.5,ok,
VB05,VOX_ORD_BOARD_01,David - Deep Southern,1.44,-1.9,ok,
VB06,VOX_ORD_BOARD_01,Antonio - Grumpy Grandpa,1.44,-1.5,ok,
VB07,VOX_ORD_BOARD_01,Jerry B. - NY Italian,1.25,-1.5,ok,
VB08,VOX_ORD_BOARD_01,Austin - Deep Raspy,1.39,-1.5,ok,
VB01,VOX_ORD_BOARD_02,Tony - Tough Cocky,1.16,-1.5,ok,
VB02,VOX_ORD_BOARD_02,Syndicate - Top G,0.98,-1.5,ok,
VB03,VOX_ORD_BOARD_02,Pauly - Brooklyn Wise Guy,1.67,-1.6,ok,
VB04,VOX_ORD_BOARD_02,Dante - Dark Mafia,1.30,-1.5,ok,
VB05,VOX_ORD_BOARD_02,David - Deep Southern,1.11,-2.7,ok,
VB06,VOX_ORD_BOARD_02,Antonio - Grumpy Grandpa,1.35,-1.5,ok,
VB07,VOX_ORD_BOARD_02,Jerry B. - NY Italian,1.16,-1.5,ok,
VB08,VOX_ORD_BOARD_02,Austin - Deep Raspy,1.39,-1.5,ok,
VB01,VOX_ORD_OUT_01,Tony - Tough Cocky,1.02,-1.5,ok,
VB02,VOX_ORD_OUT_01,Syndicate - Top G,0.93,-1.5,ok,
VB03,VOX_ORD_OUT_01,Pauly - Brooklyn Wise Guy,1.21,-2.0,ok,
VB04,VOX_ORD_OUT_01,Dante - Dark Mafia,1.58,-1.5,ok,
VB05,VOX_ORD_OUT_01,David - Deep Southern,1.11,-4.7,ok,
VB06,VOX_ORD_OUT_01,Antonio - Grumpy Grandpa,1.25,-1.5,ok,
VB07,VOX_ORD_OUT_01,Jerry B. - NY Italian,1.07,-1.5,ok,
VB08,VOX_ORD_OUT_01,Austin - Deep Raspy,1.11,-1.5,ok,
VB01,VOX_ORD_OUT_02,Tony - Tough Cocky,1.02,-1.6,ok,
VB02,VOX_ORD_OUT_02,Syndicate - Top G,1.02,-1.6,ok,
VB03,VOX_ORD_OUT_02,Pauly - Brooklyn Wise Guy,1.16,-1.6,ok,
VB04,VOX_ORD_OUT_02,Dante - Dark Mafia,1.30,-1.5,ok,
VB05,VOX_ORD_OUT_02,David - Deep Southern,1.11,-1.5,ok,
VB06,VOX_ORD_OUT_02,Antonio - Grumpy Grandpa,1.11,-3.0,ok,
VB07,VOX_ORD_OUT_02,Jerry B. - NY Italian,1.07,-1.5,ok,
VB08,VOX_ORD_OUT_02,Austin - Deep Raspy,1.02,-1.5,ok,
VB01,VOX_ORD_FLEE_01,Tony - Tough Cocky,1.21,-1.5,ok,
VB02,VOX_ORD_FLEE_01,Syndicate - Top G,1.21,-1.5,ok,
VB03,VOX_ORD_FLEE_01,Pauly - Brooklyn Wise Guy,1.63,-1.6,ok,
VB04,VOX_ORD_FLEE_01,Dante - Dark Mafia,1.58,-1.5,ok,
VB05,VOX_ORD_FLEE_01,David - Deep Southern,1.44,-3.9,ok,
VB06,VOX_ORD_FLEE_01,Antonio - Grumpy Grandpa,1.39,-1.5,ok,
VB07,VOX_ORD_FLEE_01,Jerry B. - NY Italian,1.25,-1.5,ok,
VB08,VOX_ORD_FLEE_01,Austin - Deep Raspy,1.30,-1.5,ok,
VB01,VOX_ORD_FLEE_02,Tony - Tough Cocky,0.93,-1.5,ok,
VB02,VOX_ORD_FLEE_02,Syndicate - Top G,0.88,-1.6,ok,
VB03,VOX_ORD_FLEE_02,Pauly - Brooklyn Wise Guy,1.21,-2.5,ok,
VB04,VOX_ORD_FLEE_02,Dante - Dark Mafia,1.30,-1.5,ok,
VB05,VOX_ORD_FLEE_02,David - Deep Southern,0.98,-5.4,ok,
VB06,VOX_ORD_FLEE_02,Antonio - Grumpy Grandpa,1.07,-1.5,ok,
VB07,VOX_ORD_FLEE_02,Jerry B. - NY Italian,1.11,-1.5,ok,
VB08,VOX_ORD_FLEE_02,Austin - Deep Raspy,1.02,-1.5,ok,
VB01,VOX_ORD_FLEE_03,Tony - Tough Cocky,0.93,-1.5,ok,
VB02,VOX_ORD_FLEE_03,Syndicate - Top G,0.70,-1.5,ok,
VB03,VOX_ORD_FLEE_03,Pauly - Brooklyn Wise Guy,1.11,-2.0,ok,
VB04,VOX_ORD_FLEE_03,Dante - Dark Mafia,0.98,-1.5,ok,
VB05,VOX_ORD_FLEE_03,David - Deep Southern,0.93,-1.7,ok,
VB06,VOX_ORD_FLEE_03,Antonio - Grumpy Grandpa,0.88,-1.6,ok,
VB07,VOX_ORD_FLEE_03,Jerry B. - NY Italian,0.84,-1.5,ok,
VB08,VOX_ORD_FLEE_03,Austin - Deep Raspy,0.93,-1.5,ok,
VB01,VOX_ORD_AWAY_01,Tony - Tough Cocky,1.39,-1.5,ok,
VB02,VOX_ORD_AWAY_01,Syndicate - Top G,1.35,-1.5,ok,
VB03,VOX_ORD_AWAY_01,Pauly - Brooklyn Wise Guy,1.53,-2.8,ok,
VB04,VOX_ORD_AWAY_01,Dante - Dark Mafia,1.67,-2.7,ok,
VB05,VOX_ORD_AWAY_01,David - Deep Southern,1.35,-2.9,ok,
VB06,VOX_ORD_AWAY_01,Antonio - Grumpy Grandpa,1.30,-3.6,ok,
VB07,VOX_ORD_AWAY_01,Jerry B. - NY Italian,1.39,-1.5,ok,
VB08,VOX_ORD_AWAY_01,Austin - Deep Raspy,1.53,-1.5,ok,
VB01,VOX_ORD_AWAY_02,Tony - Tough Cocky,1.35,-1.5,ok,
VB02,VOX_ORD_AWAY_02,Syndicate - Top G,1.35,-1.5,ok,
VB03,VOX_ORD_AWAY_02,Pauly - Brooklyn Wise Guy,1.44,-2.6,ok,
VB04,VOX_ORD_AWAY_02,Dante - Dark Mafia,1.90,-1.5,ok,
VB05,VOX_ORD_AWAY_02,David - Deep Southern,1.58,-1.5,ok,
VB06,VOX_ORD_AWAY_02,Antonio - Grumpy Grandpa,1.35,-1.5,ok,
VB07,VOX_ORD_AWAY_02,Jerry B. - NY Italian,1.39,-1.5,ok,
VB08,VOX_ORD_AWAY_02,Austin - Deep Raspy,1.49,-1.6,ok,
VB01,VOX_ORD_BAG_01,Tony - Tough Cocky,0.93,-1.6,ok,
VB02,VOX_ORD_BAG_01,Syndicate - Top G,0.98,-1.9,ok,
VB03,VOX_ORD_BAG_01,Pauly - Brooklyn Wise Guy,1.39,-1.6,ok,
VB04,VOX_ORD_BAG_01,Dante - Dark Mafia,1.02,-1.5,ok,
VB05,VOX_ORD_BAG_01,David - Deep Southern,1.07,-3.0,ok,
VB06,VOX_ORD_BAG_01,Antonio - Grumpy Grandpa,1.21,-1.5,ok,
VB07,VOX_ORD_BAG_01,Jerry B. - NY Italian,1.16,-1.5,ok,
VB08,VOX_ORD_BAG_01,Austin - Deep Raspy,1.11,-1.5,ok,
VB01,VOX_ORD_BAG_02,Tony - Tough Cocky,1.02,-1.5,ok,
VB02,VOX_ORD_BAG_02,Syndicate - Top G,0.93,-2.5,ok,
VB03,VOX_ORD_BAG_02,Pauly - Brooklyn Wise Guy,1.25,-3.0,ok,
VB04,VOX_ORD_BAG_02,Dante - Dark Mafia,1.30,-1.5,ok,
VB05,VOX_ORD_BAG_02,David - Deep Southern,1.11,-2.1,ok,
VB06,VOX_ORD_BAG_02,Antonio - Grumpy Grandpa,1.25,-1.5,ok,
VB07,VOX_ORD_BAG_02,Jerry B. - NY Italian,1.07,-1.5,ok,
VB08,VOX_ORD_BAG_02,Austin - Deep Raspy,0.93,-1.5,ok,
VB01,VOX_ORD_WITNESS_01,Tony - Tough Cocky,1.35,-1.6,ok,
VB02,VOX_ORD_WITNESS_01,Syndicate - Top G,1.39,-1.9,ok,
VB03,VOX_ORD_WITNESS_01,Pauly - Brooklyn Wise Guy,1.35,-2.7,ok,
VB04,VOX_ORD_WITNESS_01,Dante - Dark Mafia,1.76,-1.5,ok,
VB05,VOX_ORD_WITNESS_01,David - Deep Southern,1.39,-2.3,ok,
VB06,VOX_ORD_WITNESS_01,Antonio - Grumpy Grandpa,1.21,-1.5,ok,
VB07,VOX_ORD_WITNESS_01,Jerry B. - NY Italian,1.25,-1.5,ok,
VB08,VOX_ORD_WITNESS_01,Austin - Deep Raspy,1.30,-1.8,ok,
VB01,VOX_ORD_WITNESS_02,Tony - Tough Cocky,2.09,-1.6,ok,
VB02,VOX_ORD_WITNESS_02,Syndicate - Top G,1.95,-1.6,ok,
VB03,VOX_ORD_WITNESS_02,Pauly - Brooklyn Wise Guy,2.60,-1.6,ok,
VB04,VOX_ORD_WITNESS_02,Dante - Dark Mafia,2.69,-1.5,ok,
VB05,VOX_ORD_WITNESS_02,David - Deep Southern,2.28,-2.1,ok,
VB06,VOX_ORD_WITNESS_02,Antonio - Grumpy Grandpa,2.41,-1.6,ok,
VB07,VOX_ORD_WITNESS_02,Jerry B. - NY Italian,1.90,-1.5,ok,
VB08,VOX_ORD_WITNESS_02,Austin - Deep Raspy,1.86,-1.5,ok,
VB01,VOX_ORD_INSIDE_01,Tony - Tough Cocky,1.49,-1.5,ok,
VB02,VOX_ORD_INSIDE_01,Syndicate - Top G,1.53,-1.6,ok,
VB03,VOX_ORD_INSIDE_01,Pauly - Brooklyn Wise Guy,1.86,-1.5,ok,
VB04,VOX_ORD_INSIDE_01,Dante - Dark Mafia,1.81,-1.6,ok,
VB05,VOX_ORD_INSIDE_01,David - Deep Southern,1.58,-2.2,ok,
VB06,VOX_ORD_INSIDE_01,Antonio - Grumpy Grandpa,1.53,-1.5,ok,
VB07,VOX_ORD_INSIDE_01,Jerry B. - NY Italian,1.11,-1.5,ok,
VB08,VOX_ORD_INSIDE_01,Austin - Deep Raspy,1.39,-1.5,ok,
VB01,VOX_ORD_INSIDE_02,Tony - Tough Cocky,1.76,-1.6,ok,
VB02,VOX_ORD_INSIDE_02,Syndicate - Top G,1.63,-1.5,ok,
VB03,VOX_ORD_INSIDE_02,Pauly - Brooklyn Wise Guy,1.95,-3.0,ok,
VB04,VOX_ORD_INSIDE_02,Dante - Dark Mafia,2.32,-1.5,ok,
VB05,VOX_ORD_INSIDE_02,David - Deep Southern,1.81,-3.6,ok,
VB06,VOX_ORD_INSIDE_02,Antonio - Grumpy Grandpa,2.28,-1.5,ok,
VB07,VOX_ORD_INSIDE_02,Jerry B. - NY Italian,1.63,-1.5,ok,
VB08,VOX_ORD_INSIDE_02,Austin - Deep Raspy,1.90,-1.5,ok,
VB01,VOX_ORD_OUTSIDE_01,Tony - Tough Cocky,1.21,-1.5,ok,
VB02,VOX_ORD_OUTSIDE_01,Syndicate - Top G,1.11,-1.7,ok,
VB03,VOX_ORD_OUTSIDE_01,Pauly - Brooklyn Wise Guy,1.30,-2.8,ok,
VB04,VOX_ORD_OUTSIDE_01,Dante - Dark Mafia,1.67,-1.7,ok,
VB05,VOX_ORD_OUTSIDE_01,David - Deep Southern,1.30,-2.4,ok,
VB06,VOX_ORD_OUTSIDE_01,Antonio - Grumpy Grandpa,1.21,-1.5,ok,
VB07,VOX_ORD_OUTSIDE_01,Jerry B. - NY Italian,1.16,-1.5,ok,
VB08,VOX_ORD_OUTSIDE_01,Austin - Deep Raspy,1.21,-1.5,ok,
VB01,VOX_ORD_OUTSIDE_02,Tony - Tough Cocky,1.07,-1.5,ok,
VB02,VOX_ORD_OUTSIDE_02,Syndicate - Top G,1.11,-1.5,ok,
VB03,VOX_ORD_OUTSIDE_02,Pauly - Brooklyn Wise Guy,1.21,-2.6,ok,
VB04,VOX_ORD_OUTSIDE_02,Dante - Dark Mafia,1.25,-1.5,ok,
VB05,VOX_ORD_OUTSIDE_02,David - Deep Southern,1.25,-2.3,ok,
VB06,VOX_ORD_OUTSIDE_02,Antonio - Grumpy Grandpa,1.21,-1.5,ok,
VB07,VOX_ORD_OUTSIDE_02,Jerry B. - NY Italian,1.11,-1.5,ok,
VB08,VOX_ORD_OUTSIDE_02,Austin - Deep Raspy,1.02,-1.5,ok,
VB01,VOX_RKT_APPROACH_01,Tony - Tough Cocky,1.35,-1.5,ok,
VB02,VOX_RKT_APPROACH_01,Syndicate - Top G,1.39,-1.5,ok,
VB03,VOX_RKT_APPROACH_01,Pauly - Brooklyn Wise Guy,1.39,-2.4,ok,
VB04,VOX_RKT_APPROACH_01,Dante - Dark Mafia,1.63,-1.5,ok,
VB05,VOX_RKT_APPROACH_01,David - Deep Southern,1.39,-1.7,ok,
VB06,VOX_RKT_APPROACH_01,Antonio - Grumpy Grandpa,1.39,-1.5,ok,
VB07,VOX_RKT_APPROACH_01,Jerry B. - NY Italian,1.25,-1.5,ok,
VB08,VOX_RKT_APPROACH_01,Austin - Deep Raspy,1.39,-1.6,ok,
VB01,VOX_RKT_APPROACH_02,Tony - Tough Cocky,1.30,-1.5,ok,
VB02,VOX_RKT_APPROACH_02,Syndicate - Top G,1.53,-1.5,ok,
VB03,VOX_RKT_APPROACH_02,Pauly - Brooklyn Wise Guy,1.67,-1.5,ok,
VB04,VOX_RKT_APPROACH_02,Dante - Dark Mafia,2.00,-1.5,ok,
VB05,VOX_RKT_APPROACH_02,David - Deep Southern,1.49,-1.5,ok,
VB06,VOX_RKT_APPROACH_02,Antonio - Grumpy Grandpa,1.35,-1.5,ok,
VB07,VOX_RKT_APPROACH_02,Jerry B. - NY Italian,1.49,-1.5,ok,
VB08,VOX_RKT_APPROACH_02,Austin - Deep Raspy,1.58,-1.5,ok,
VB01,VOX_RKT_DEMAND_01,Tony - Tough Cocky,1.76,-1.5,ok,
VB02,VOX_RKT_DEMAND_01,Syndicate - Top G,1.72,-1.7,ok,
VB03,VOX_RKT_DEMAND_01,Pauly - Brooklyn Wise Guy,1.95,-3.2,ok,
VB04,VOX_RKT_DEMAND_01,Dante - Dark Mafia,2.00,-1.5,ok,
VB05,VOX_RKT_DEMAND_01,David - Deep Southern,1.76,-3.2,ok,
VB06,VOX_RKT_DEMAND_01,Antonio - Grumpy Grandpa,1.95,-1.5,ok,
VB07,VOX_RKT_DEMAND_01,Jerry B. - NY Italian,1.67,-1.5,ok,
VB08,VOX_RKT_DEMAND_01,Austin - Deep Raspy,2.00,-1.5,ok,
VB01,VOX_RKT_DEMAND_02,Tony - Tough Cocky,1.39,-1.6,ok,
VB02,VOX_RKT_DEMAND_02,Syndicate - Top G,1.39,-1.5,ok,
VB03,VOX_RKT_DEMAND_02,Pauly - Brooklyn Wise Guy,1.53,-2.2,ok,
VB04,VOX_RKT_DEMAND_02,Dante - Dark Mafia,1.44,-1.5,ok,
VB05,VOX_RKT_DEMAND_02,David - Deep Southern,1.35,-3.1,ok,
VB06,VOX_RKT_DEMAND_02,Antonio - Grumpy Grandpa,1.58,-1.5,ok,
VB07,VOX_RKT_DEMAND_02,Jerry B. - NY Italian,1.35,-1.5,ok,
VB08,VOX_RKT_DEMAND_02,Austin - Deep Raspy,1.44,-1.5,ok,
VB01,VOX_RKT_THREAT_01,Tony - Tough Cocky,1.39,-1.5,ok,
VB02,VOX_RKT_THREAT_01,Syndicate - Top G,1.39,-2.2,ok,
VB03,VOX_RKT_THREAT_01,Pauly - Brooklyn Wise Guy,1.67,-1.6,ok,
VB04,VOX_RKT_THREAT_01,Dante - Dark Mafia,1.90,-1.5,ok,
VB05,VOX_RKT_THREAT_01,David - Deep Southern,1.53,-1.9,ok,
VB06,VOX_RKT_THREAT_01,Antonio - Grumpy Grandpa,1.44,-1.5,ok,
VB07,VOX_RKT_THREAT_01,Jerry B. - NY Italian,1.25,-1.7,ok,
VB08,VOX_RKT_THREAT_01,Austin - Deep Raspy,1.25,-1.5,ok,
VB01,VOX_RKT_THREAT_02,Tony - Tough Cocky,1.44,-1.6,ok,
VB02,VOX_RKT_THREAT_02,Syndicate - Top G,1.35,-1.5,ok,
VB03,VOX_RKT_THREAT_02,Pauly - Brooklyn Wise Guy,1.49,-3.9,ok,
VB04,VOX_RKT_THREAT_02,Dante - Dark Mafia,1.67,-1.5,ok,
VB05,VOX_RKT_THREAT_02,David - Deep Southern,1.44,-2.8,ok,
VB06,VOX_RKT_THREAT_02,Antonio - Grumpy Grandpa,1.44,-2.0,ok,
VB07,VOX_RKT_THREAT_02,Jerry B. - NY Italian,1.35,-1.5,ok,
VB08,VOX_RKT_THREAT_02,Austin - Deep Raspy,1.49,-1.5,ok,
VB01,VOX_RKT_COLLECT_01,Tony - Tough Cocky,0.93,-1.5,ok,
VB02,VOX_RKT_COLLECT_01,Syndicate - Top G,1.02,-1.5,ok,
VB03,VOX_RKT_COLLECT_01,Pauly - Brooklyn Wise Guy,1.30,-2.0,ok,
VB04,VOX_RKT_COLLECT_01,Dante - Dark Mafia,1.16,-1.5,ok,
VB05,VOX_RKT_COLLECT_01,David - Deep Southern,1.21,-2.3,ok,
VB06,VOX_RKT_COLLECT_01,Antonio - Grumpy Grandpa,1.21,-1.5,ok,
VB07,VOX_RKT_COLLECT_01,Jerry B. - NY Italian,1.16,-1.5,ok,
VB08,VOX_RKT_COLLECT_01,Austin - Deep Raspy,1.25,-1.5,ok,
VB01,VOX_RKT_COLLECT_02,Tony - Tough Cocky,1.44,-1.5,ok,
VB02,VOX_RKT_COLLECT_02,Syndicate - Top G,1.35,-1.6,ok,
VB03,VOX_RKT_COLLECT_02,Pauly - Brooklyn Wise Guy,1.67,-2.0,ok,
VB04,VOX_RKT_COLLECT_02,Dante - Dark Mafia,1.81,-1.5,ok,
VB05,VOX_RKT_COLLECT_02,David - Deep Southern,1.44,-2.5,ok,
VB06,VOX_RKT_COLLECT_02,Antonio - Grumpy Grandpa,1.53,-1.5,ok,
VB07,VOX_RKT_COLLECT_02,Jerry B. - NY Italian,1.44,-1.5,ok,
VB08,VOX_RKT_COLLECT_02,Austin - Deep Raspy,1.35,-1.5,ok,
VB01,VOX_RKT_SHAKE_01,Tony - Tough Cocky,1.39,-1.5,ok,
VB02,VOX_RKT_SHAKE_01,Syndicate - Top G,1.35,-6.2,ok,
VB03,VOX_RKT_SHAKE_01,Pauly - Brooklyn Wise Guy,1.81,-2.6,ok,
VB04,VOX_RKT_SHAKE_01,Dante - Dark Mafia,2.00,-1.5,ok,
VB05,VOX_RKT_SHAKE_01,David - Deep Southern,1.53,-4.5,ok,
VB06,VOX_RKT_SHAKE_01,Antonio - Grumpy Grandpa,1.63,-1.5,ok,
VB07,VOX_RKT_SHAKE_01,Jerry B. - NY Italian,1.44,-1.5,ok,
VB08,VOX_RKT_SHAKE_01,Austin - Deep Raspy,1.53,-1.5,ok,
VB01,VOX_RKT_SHAKE_02,Tony - Tough Cocky,1.90,-1.5,ok,
VB02,VOX_RKT_SHAKE_02,Syndicate - Top G,2.04,-1.7,ok,
VB03,VOX_RKT_SHAKE_02,Pauly - Brooklyn Wise Guy,2.14,-1.6,ok,
VB04,VOX_RKT_SHAKE_02,Dante - Dark Mafia,2.46,-1.5,ok,
VB05,VOX_RKT_SHAKE_02,David - Deep Southern,2.23,-2.6,ok,
VB06,VOX_RKT_SHAKE_02,Antonio - Grumpy Grandpa,2.18,-1.5,ok,
VB07,VOX_RKT_SHAKE_02,Jerry B. - NY Italian,1.53,-1.5,ok,
VB08,VOX_RKT_SHAKE_02,Austin - Deep Raspy,2.60,-1.5,ok,
VB01,VOX_RKT_HOLDOUT_01,Tony - Tough Cocky,1.63,-1.5,ok,
VB02,VOX_RKT_HOLDOUT_01,Syndicate - Top G,1.58,-1.6,ok,
VB03,VOX_RKT_HOLDOUT_01,Pauly - Brooklyn Wise Guy,1.81,-3.1,ok,
VB04,VOX_RKT_HOLDOUT_01,Dante - Dark Mafia,2.00,-1.5,ok,
VB05,VOX_RKT_HOLDOUT_01,David - Deep Southern,1.63,-2.2,ok,
VB06,VOX_RKT_HOLDOUT_01,Antonio - Grumpy Grandpa,2.00,-1.5,ok,
VB07,VOX_RKT_HOLDOUT_01,Jerry B. - NY Italian,1.63,-1.5,ok,
VB08,VOX_RKT_HOLDOUT_01,Austin - Deep Raspy,1.58,-1.5,ok,
VB01,VOX_RKT_HOLDOUT_02,Tony - Tough Cocky,1.16,-1.7,ok,
VB02,VOX_RKT_HOLDOUT_02,Syndicate - Top G,1.44,-1.6,ok,
VB03,VOX_RKT_HOLDOUT_02,Pauly - Brooklyn Wise Guy,1.63,-4.0,ok,
VB04,VOX_RKT_HOLDOUT_02,Dante - Dark Mafia,1.67,-1.5,ok,
VB05,VOX_RKT_HOLDOUT_02,David - Deep Southern,1.53,-2.9,ok,
VB06,VOX_RKT_HOLDOUT_02,Antonio - Grumpy Grandpa,1.30,-1.5,ok,
VB07,VOX_RKT_HOLDOUT_02,Jerry B. - NY Italian,1.49,-1.5,ok,
VB08,VOX_RKT_HOLDOUT_02,Austin - Deep Raspy,1.25,-1.5,ok,
VB01,VOX_RKT_SMASH_01,Tony - Tough Cocky,1.35,-1.6,ok,
VB02,VOX_RKT_SMASH_01,Syndicate - Top G,1.21,-1.5,ok,
VB03,VOX_RKT_SMASH_01,Pauly - Brooklyn Wise Guy,1.58,-1.5,ok,
VB04,VOX_RKT_SMASH_01,Dante - Dark Mafia,1.63,-1.6,ok,
VB05,VOX_RKT_SMASH_01,David - Deep Southern,1.53,-1.7,ok,
VB06,VOX_RKT_SMASH_01,Antonio - Grumpy Grandpa,1.35,-1.5,ok,
VB07,VOX_RKT_SMASH_01,Jerry B. - NY Italian,1.30,-1.5,ok,
VB08,VOX_RKT_SMASH_01,Austin - Deep Raspy,1.35,-1.6,ok,
VB01,VOX_RKT_SMASH_02,Tony - Tough Cocky,1.30,-1.5,ok,
VB02,VOX_RKT_SMASH_02,Syndicate - Top G,1.39,-1.5,ok,
VB03,VOX_RKT_SMASH_02,Pauly - Brooklyn Wise Guy,1.53,-1.6,ok,
VB04,VOX_RKT_SMASH_02,Dante - Dark Mafia,1.67,-1.6,ok,
VB05,VOX_RKT_SMASH_02,David - Deep Southern,1.21,-4.8,ok,
VB06,VOX_RKT_SMASH_02,Antonio - Grumpy Grandpa,1.39,-1.5,ok,
VB07,VOX_RKT_SMASH_02,Jerry B. - NY Italian,1.30,-1.5,ok,
VB08,VOX_RKT_SMASH_02,Austin - Deep Raspy,1.49,-1.5,ok,
VB01,VOX_RKT_TORCH_01,Tony - Tough Cocky,1.25,-1.6,ok,
VB02,VOX_RKT_TORCH_01,Syndicate - Top G,1.11,-2.5,ok,
VB03,VOX_RKT_TORCH_01,Pauly - Brooklyn Wise Guy,1.39,-2.4,ok,
VB04,VOX_RKT_TORCH_01,Dante - Dark Mafia,1.30,-1.5,ok,
VB05,VOX_RKT_TORCH_01,David - Deep Southern,1.35,-2.1,ok,
VB06,VOX_RKT_TORCH_01,Antonio - Grumpy Grandpa,1.63,-1.5,ok,
VB07,VOX_RKT_TORCH_01,Jerry B. - NY Italian,1.21,-1.5,ok,
VB08,VOX_RKT_TORCH_01,Austin - Deep Raspy,1.21,-1.5,ok,
VB01,VOX_RKT_TORCH_02,Tony - Tough Cocky,1.39,-1.5,ok,
VB02,VOX_RKT_TORCH_02,Syndicate - Top G,1.30,-1.5,ok,
VB03,VOX_RKT_TORCH_02,Pauly - Brooklyn Wise Guy,1.58,-2.6,ok,
VB04,VOX_RKT_TORCH_02,Dante - Dark Mafia,1.76,-1.5,ok,
VB05,VOX_RKT_TORCH_02,David - Deep Southern,1.49,-2.3,ok,
VB06,VOX_RKT_TORCH_02,Antonio - Grumpy Grandpa,1.16,-1.5,ok,
VB07,VOX_RKT_TORCH_02,Jerry B. - NY Italian,1.25,-1.5,ok,
VB08,VOX_RKT_TORCH_02,Austin - Deep Raspy,1.30,-1.6,ok,
VB01,VOX_RKT_ROB_01,Tony - Tough Cocky,1.58,-1.6,ok,
VB02,VOX_RKT_ROB_01,Syndicate - Top G,1.58,-1.5,ok,
VB03,VOX_RKT_ROB_01,Pauly - Brooklyn Wise Guy,1.72,-2.2,ok,
VB04,VOX_RKT_ROB_01,Dante - Dark Mafia,1.86,-2.5,ok,
VB05,VOX_RKT_ROB_01,David - Deep Southern,1.58,-2.4,ok,
VB06,VOX_RKT_ROB_01,Antonio - Grumpy Grandpa,1.39,-1.5,ok,
VB07,VOX_RKT_ROB_01,Jerry B. - NY Italian,1.44,-1.5,ok,
VB08,VOX_RKT_ROB_01,Austin - Deep Raspy,1.44,-1.5,ok,
VB01,VOX_RKT_ROB_02,Tony - Tough Cocky,1.35,-1.6,ok,
VB02,VOX_RKT_ROB_02,Syndicate - Top G,1.35,-1.7,ok,
VB03,VOX_RKT_ROB_02,Pauly - Brooklyn Wise Guy,1.58,-2.0,ok,
VB04,VOX_RKT_ROB_02,Dante - Dark Mafia,1.76,-1.6,ok,
VB05,VOX_RKT_ROB_02,David - Deep Southern,1.63,-1.5,ok,
VB06,VOX_RKT_ROB_02,Antonio - Grumpy Grandpa,1.53,-1.6,ok,
VB07,VOX_RKT_ROB_02,Jerry B. - NY Italian,1.16,-1.5,ok,
VB08,VOX_RKT_ROB_02,Austin - Deep Raspy,1.44,-1.5,ok,
VB01,VOX_RKT_GUARD_01,Tony - Tough Cocky,1.21,-1.5,ok,
VB02,VOX_RKT_GUARD_01,Syndicate - Top G,1.11,-1.5,ok,
VB03,VOX_RKT_GUARD_01,Pauly - Brooklyn Wise Guy,1.39,-3.6,ok,
VB04,VOX_RKT_GUARD_01,Dante - Dark Mafia,1.30,-1.5,ok,
VB05,VOX_RKT_GUARD_01,David - Deep Southern,1.02,-2.8,ok,
VB06,VOX_RKT_GUARD_01,Antonio - Grumpy Grandpa,1.39,-1.5,ok,
VB07,VOX_RKT_GUARD_01,Jerry B. - NY Italian,1.07,-1.5,ok,
VB08,VOX_RKT_GUARD_01,Austin - Deep Raspy,1.07,-1.5,ok,
VB01,VOX_RKT_GUARD_02,Tony - Tough Cocky,1.30,-1.5,ok,
VB02,VOX_RKT_GUARD_02,Syndicate - Top G,1.44,-4.8,ok,
VB03,VOX_RKT_GUARD_02,Pauly - Brooklyn Wise Guy,1.72,-2.4,ok,
VB04,VOX_RKT_GUARD_02,Dante - Dark Mafia,1.86,-1.5,ok,
VB05,VOX_RKT_GUARD_02,David - Deep Southern,1.53,-2.3,ok,
VB06,VOX_RKT_GUARD_02,Antonio - Grumpy Grandpa,1.44,-1.5,ok,
VB07,VOX_RKT_GUARD_02,Jerry B. - NY Italian,1.30,-1.6,ok,
VB08,VOX_RKT_GUARD_02,Austin - Deep Raspy,1.49,-1.5,ok,
VBOF,VOX_RKT_BUY_01,Gotham Boss,1.76,-1.5,ok,
VBOF,VOX_RKT_REPAIR_01,Gotham Boss,1.67,-1.6,ok,
VBOF,VOX_RKT_HIDEOUT_01,Gotham Boss,1.76,-1.5,ok,
VBOF,VOX_RKT_HIDEOUT_02,Gotham Boss,1.72,-1.5,ok,
VBOF,VOX_JOB_EXTORT_01,Gotham Boss,1.81,-1.6,ok,
VBOF,VOX_JOB_INTIMIDATE_01,Gotham Boss,2.00,-1.5,ok,
VBOF,VOX_JOB_COLLECTPROTECTION_01,Gotham Boss,1.44,-1.5,ok,
VBOF,VOX_JOB_ADJUSTPROTECTION_01,Gotham Boss,1.76,-1.5,ok,
VBOF,VOX_JOB_ASSAULT_01,Gotham Boss,1.49,-1.5,ok,
VBOF,VOX_JOB_SMASHUP_01,Gotham Boss,2.04,-1.5,ok,
VBOF,VOX_JOB_RAID_01,Gotham Boss,1.39,-1.8,ok,
VBOF,VOX_JOB_TORCH_01,Gotham Boss,1.44,-1.5,ok,
VBOF,VOX_JOB_BOMB_01,Gotham Boss,1.39,-1.6,ok,
VBOF,VOX_JOB_KILL_01,Gotham Boss,1.63,-1.5,ok,
VBOF,VOX_JOB_KIDNAP_01,Gotham Boss,1.30,-2.0,ok,
VBOF,VOX_JOB_PATROL_01,Gotham Boss,2.37,-1.5,ok,
VBOF,VOX_JOB_GUARD_01,Gotham Boss,1.49,-1.5,ok,
VBOF,VOX_JOB_AMBUSH_01,Gotham Boss,1.53,-1.5,ok,
VBOF,VOX_JOB_EXPLORE_01,Gotham Boss,1.76,-1.5,ok,
VBOF,VOX_JOB_BUYPREMISES_01,Gotham Boss,1.58,-1.5,ok,
VBOF,VOX_JOB_SETUPBUSINESS_01,Gotham Boss,1.58,-1.5,ok,
VBOF,VOX_JOB_RUNBUSINESS_01,Gotham Boss,2.00,-1.5,ok,
VBOF,VOX_JOB_AUDIT_01,Gotham Boss,1.21,-1.5,ok,
VBOF,VOX_JOB_RECRUIT_01,Gotham Boss,1.25,-1.5,ok,
VBOF,VOX_JOB_BRIBE_01,Gotham Boss,1.72,-1.6,ok,
VBOF,VOX_JOB_EMPLOYPOLICE_01,Gotham Boss,1.72,-1.5,ok,
VBOF,VOX_JOB_DONATE_01,Gotham Boss,2.04,-1.5,ok,
VB01,VOX_NO_GENERIC_01,Tony - Tough Cocky,1.25,-1.5,ok,
VB02,VOX_NO_GENERIC_01,Syndicate - Top G,1.25,-1.5,ok,
VB03,VOX_NO_GENERIC_01,Pauly - Brooklyn Wise Guy,1.53,-1.5,ok,
VB04,VOX_NO_GENERIC_01,Dante - Dark Mafia,1.53,-1.5,ok,
VB05,VOX_NO_GENERIC_01,David - Deep Southern,1.35,-1.9,ok,
VB06,VOX_NO_GENERIC_01,Antonio - Grumpy Grandpa,1.53,-1.5,ok,
VB07,VOX_NO_GENERIC_01,Jerry B. - NY Italian,1.35,-1.5,ok,
VB08,VOX_NO_GENERIC_01,Austin - Deep Raspy,1.35,-1.6,ok,
VB01,VOX_NO_GENERIC_02,Tony - Tough Cocky,1.02,-1.5,ok,
VB02,VOX_NO_GENERIC_02,Syndicate - Top G,0.93,-2.4,ok,
VB03,VOX_NO_GENERIC_02,Pauly - Brooklyn Wise Guy,1.11,-4.2,ok,
VB04,VOX_NO_GENERIC_02,Dante - Dark Mafia,1.11,-1.5,ok,
VB05,VOX_NO_GENERIC_02,David - Deep Southern,0.93,-2.5,ok,
VB06,VOX_NO_GENERIC_02,Antonio - Grumpy Grandpa,1.16,-1.5,ok,
VB07,VOX_NO_GENERIC_02,Jerry B. - NY Italian,0.98,-2.3,ok,
VB08,VOX_NO_GENERIC_02,Austin - Deep Raspy,0.98,-1.6,ok,
VB01,VOX_NO_GENERIC_03,Tony - Tough Cocky,0.84,-2.1,ok,
VB02,VOX_NO_GENERIC_03,Syndicate - Top G,0.79,-2.2,ok,
VB03,VOX_NO_GENERIC_03,Pauly - Brooklyn Wise Guy,1.11,-3.4,ok,
VB04,VOX_NO_GENERIC_03,Dante - Dark Mafia,0.98,-1.5,ok,
VB05,VOX_NO_GENERIC_03,David - Deep Southern,0.98,-1.6,ok,
VB06,VOX_NO_GENERIC_03,Antonio - Grumpy Grandpa,0.98,-1.5,ok,
VB07,VOX_NO_GENERIC_03,Jerry B. - NY Italian,0.93,-1.5,ok,
VB08,VOX_NO_GENERIC_03,Austin - Deep Raspy,0.98,-1.6,ok,
VB01,VOX_NO_ARMS_01,Tony - Tough Cocky,1.44,-1.5,ok,
VB02,VOX_NO_ARMS_01,Syndicate - Top G,1.44,-1.5,ok,
VB03,VOX_NO_ARMS_01,Pauly - Brooklyn Wise Guy,1.90,-3.5,ok,
VB04,VOX_NO_ARMS_01,Dante - Dark Mafia,1.76,-1.5,ok,
VB05,VOX_NO_ARMS_01,David - Deep Southern,1.67,-2.4,ok,
VB06,VOX_NO_ARMS_01,Antonio - Grumpy Grandpa,1.58,-1.5,ok,
VB07,VOX_NO_ARMS_01,Jerry B. - NY Italian,1.44,-1.5,ok,
VB08,VOX_NO_ARMS_01,Austin - Deep Raspy,1.72,-1.7,ok,
VB01,VOX_NO_REACH_01,Tony - Tough Cocky,1.30,-1.5,ok,
VB02,VOX_NO_REACH_01,Syndicate - Top G,1.21,-1.5,ok,
VB03,VOX_NO_REACH_01,Pauly - Brooklyn Wise Guy,1.53,-1.5,ok,
VB04,VOX_NO_REACH_01,Dante - Dark Mafia,1.49,-1.5,ok,
VB05,VOX_NO_REACH_01,David - Deep Southern,1.25,-3.3,ok,
VB06,VOX_NO_REACH_01,Antonio - Grumpy Grandpa,1.53,-1.5,ok,
VB07,VOX_NO_REACH_01,Jerry B. - NY Italian,1.21,-1.6,ok,
VB08,VOX_NO_REACH_01,Austin - Deep Raspy,1.30,-1.6,ok,
VB01,VOX_NO_MEN_01,Tony - Tough Cocky,1.35,-1.5,ok,
VB02,VOX_NO_MEN_01,Syndicate - Top G,1.49,-2.2,ok,
VB03,VOX_NO_MEN_01,Pauly - Brooklyn Wise Guy,1.90,-2.3,ok,
VB04,VOX_NO_MEN_01,Dante - Dark Mafia,2.00,-1.5,ok,
VB05,VOX_NO_MEN_01,David - Deep Southern,1.53,-1.5,ok,
VB06,VOX_NO_MEN_01,Antonio - Grumpy Grandpa,1.44,-1.5,ok,
VB07,VOX_NO_MEN_01,Jerry B. - NY Italian,1.49,-1.5,ok,
VB08,VOX_NO_MEN_01,Austin - Deep Raspy,1.63,-1.6,ok,
VB03,VOX_HIT_TAKE_01,Pauly - Brooklyn Wise Guy,0.79,-1.6,ok,
VB03,VOX_HIT_TAKE_02,Pauly - Brooklyn Wise Guy,1.35,-1.5,ok,
VB03,VOX_DOWN_CRY_01,Pauly - Brooklyn Wise Guy,0.79,-4.3,ok,
VB03,VOX_DOWN_CRY_03,Pauly - Brooklyn Wise Guy,1.90,-1.6,ok,
VB03,VOX_FIGHT_CURSE_02,Pauly - Brooklyn Wise Guy,0.74,-1.9,ok,
VB01,VOX_HIT_TAKE_01,Tony - Tough Cocky,0.60,-1.5,ok,
VB02,VOX_HIT_TAKE_01,Syndicate - Top G,0.51,-1.6,ok,
VB03,VOX_HIT_TAKE_01,Pauly - Brooklyn Wise Guy,0.84,-1.9,ok,
VB04,VOX_HIT_TAKE_01,Dante - Dark Mafia,0.65,-1.6,ok,
VB05,VOX_HIT_TAKE_01,David - Deep Southern,0.56,-7.0,ok,
VB06,VOX_HIT_TAKE_01,Antonio - Grumpy Grandpa,0.70,-1.6,ok,
VB07,VOX_HIT_TAKE_01,Jerry B. - NY Italian,0.60,-1.5,ok,
VB08,VOX_HIT_TAKE_01,Austin - Deep Raspy,0.65,-6.4,ok,
VB01,VOX_HIT_TAKE_02,Tony - Tough Cocky,1.30,-1.5,ok,
VB02,VOX_HIT_TAKE_02,Syndicate - Top G,0.88,-1.5,ok,
VB04,VOX_HIT_TAKE_02,Dante - Dark Mafia,1.35,-1.5,ok,
VB05,VOX_HIT_TAKE_02,David - Deep Southern,1.02,-6.5,ok,
VB06,VOX_HIT_TAKE_02,Antonio - Grumpy Grandpa,1.25,-1.5,ok,
VB07,VOX_HIT_TAKE_02,Jerry B. - NY Italian,1.07,-1.6,ok,
VB08,VOX_HIT_TAKE_02,Austin - Deep Raspy,1.16,-1.5,ok,
VB01,VOX_HIT_TAKE_03,Tony - Tough Cocky,0.79,-1.5,ok,
VB02,VOX_HIT_TAKE_03,Syndicate - Top G,0.60,-1.6,ok,
VB03,VOX_HIT_TAKE_03,Pauly - Brooklyn Wise Guy,0.98,-3.7,ok,
VB04,VOX_HIT_TAKE_03,Dante - Dark Mafia,0.88,-1.9,ok,
VB05,VOX_HIT_TAKE_03,David - Deep Southern,0.70,-7.6,ok,
VB06,VOX_HIT_TAKE_03,Antonio - Grumpy Grandpa,1.07,-7.8,ok,
VB07,VOX_HIT_TAKE_03,Jerry B. - NY Italian,0.79,-1.5,ok,
VB08,VOX_HIT_TAKE_03,Austin - Deep Raspy,0.98,-1.5,ok,
VB01,VOX_HIT_TAKE_04,Tony - Tough Cocky,1.07,-1.5,ok,
VB02,VOX_HIT_TAKE_04,Syndicate - Top G,0.79,-1.5,ok,
VB03,VOX_HIT_TAKE_04,Pauly - Brooklyn Wise Guy,1.16,-4.2,ok,
VB04,VOX_HIT_TAKE_04,Dante - Dark Mafia,0.98,-2.7,ok,
VB05,VOX_HIT_TAKE_04,David - Deep Southern,0.93,-6.7,ok,
VB06,VOX_HIT_TAKE_04,Antonio - Grumpy Grandpa,1.02,-1.5,ok,
VB07,VOX_HIT_TAKE_04,Jerry B. - NY Italian,1.02,-1.5,ok,
VB08,VOX_HIT_TAKE_04,Austin - Deep Raspy,0.93,-1.7,ok,
VB01,VOX_HIT_TAKE_05,Tony - Tough Cocky,1.16,-1.5,ok,
VB02,VOX_HIT_TAKE_05,Syndicate - Top G,1.02,-1.5,ok,
VB03,VOX_HIT_TAKE_05,Pauly - Brooklyn Wise Guy,1.35,-3.7,ok,
VB04,VOX_HIT_TAKE_05,Dante - Dark Mafia,1.35,-1.5,ok,
VB05,VOX_HIT_TAKE_05,David - Deep Southern,1.30,-5.0,ok,
VB06,VOX_HIT_TAKE_05,Antonio - Grumpy Grandpa,1.21,-1.5,ok,
VB07,VOX_HIT_TAKE_05,Jerry B. - NY Italian,1.07,-1.5,ok,
VB08,VOX_HIT_TAKE_05,Austin - Deep Raspy,1.16,-1.5,ok,
VB01,VOX_HIT_TAKE_06,Tony - Tough Cocky,1.63,-1.6,ok,
VB02,VOX_HIT_TAKE_06,Syndicate - Top G,1.30,-2.2,ok,
VB03,VOX_HIT_TAKE_06,Pauly - Brooklyn Wise Guy,2.00,-2.4,ok,
VB04,VOX_HIT_TAKE_06,Dante - Dark Mafia,1.63,-1.5,ok,
VB05,VOX_HIT_TAKE_06,David - Deep Southern,1.30,-4.4,ok,
VB06,VOX_HIT_TAKE_06,Antonio - Grumpy Grandpa,1.63,-3.7,ok,
VB07,VOX_HIT_TAKE_06,Jerry B. - NY Italian,1.53,-1.5,ok,
VB08,VOX_HIT_TAKE_06,Austin - Deep Raspy,1.67,-1.5,ok,
VB01,VOX_HIT_BAD_01,Tony - Tough Cocky,1.30,-1.5,ok,
VB02,VOX_HIT_BAD_01,Syndicate - Top G,1.07,-1.6,ok,
VB03,VOX_HIT_BAD_01,Pauly - Brooklyn Wise Guy,1.39,-3.1,ok,
VB04,VOX_HIT_BAD_01,Dante - Dark Mafia,1.30,-1.6,ok,
VB05,VOX_HIT_BAD_01,David - Deep Southern,1.35,-6.7,ok,
VB06,VOX_HIT_BAD_01,Antonio - Grumpy Grandpa,1.58,-1.5,ok,
VB07,VOX_HIT_BAD_01,Jerry B. - NY Italian,1.25,-2.8,ok,
VB08,VOX_HIT_BAD_01,Austin - Deep Raspy,1.25,-1.5,ok,
VB01,VOX_HIT_BAD_02,Tony - Tough Cocky,1.39,-1.5,ok,
VB02,VOX_HIT_BAD_02,Syndicate - Top G,1.44,-1.5,ok,
VB03,VOX_HIT_BAD_02,Pauly - Brooklyn Wise Guy,1.67,-1.5,ok,
VB04,VOX_HIT_BAD_02,Dante - Dark Mafia,1.86,-1.5,ok,
VB05,VOX_HIT_BAD_02,David - Deep Southern,1.49,-3.3,ok,
VB06,VOX_HIT_BAD_02,Antonio - Grumpy Grandpa,1.53,-1.5,ok,
VB07,VOX_HIT_BAD_02,Jerry B. - NY Italian,1.39,-1.5,ok,
VB08,VOX_HIT_BAD_02,Austin - Deep Raspy,1.39,-1.6,ok,
VB01,VOX_HIT_BAD_03,Tony - Tough Cocky,1.53,-1.5,ok,
VB02,VOX_HIT_BAD_03,Syndicate - Top G,1.49,-1.9,ok,
VB03,VOX_HIT_BAD_03,Pauly - Brooklyn Wise Guy,1.90,-1.6,ok,
VB04,VOX_HIT_BAD_03,Dante - Dark Mafia,2.09,-1.5,ok,
VB05,VOX_HIT_BAD_03,David - Deep Southern,1.53,-4.1,ok,
VB06,VOX_HIT_BAD_03,Antonio - Grumpy Grandpa,1.90,-4.0,ok,
VB07,VOX_HIT_BAD_03,Jerry B. - NY Italian,1.44,-1.5,ok,
VB08,VOX_HIT_BAD_03,Austin - Deep Raspy,1.58,-1.5,ok,
VB01,VOX_DOWN_CRY_01,Tony - Tough Cocky,0.60,-1.5,ok,
VB02,VOX_DOWN_CRY_01,Syndicate - Top G,0.51,-1.6,ok,
VB03,VOX_DOWN_CRY_01,Pauly - Brooklyn Wise Guy,0.56,-3.6,ok,
VB04,VOX_DOWN_CRY_01,Dante - Dark Mafia,0.84,-6.6,ok,
VB05,VOX_DOWN_CRY_01,David - Deep Southern,0.70,-6.4,ok,
VB06,VOX_DOWN_CRY_01,Antonio - Grumpy Grandpa,0.79,-2.4,ok,
VB07,VOX_DOWN_CRY_01,Jerry B. - NY Italian,0.74,-4.0,ok,
VB08,VOX_DOWN_CRY_01,Austin - Deep Raspy,0.60,-1.6,ok,
VB01,VOX_DOWN_CRY_02,Tony - Tough Cocky,1.63,-1.5,ok,
VB02,VOX_DOWN_CRY_02,Syndicate - Top G,1.35,-1.5,ok,
VB03,VOX_DOWN_CRY_02,Pauly - Brooklyn Wise Guy,2.41,-1.9,ok,
VB04,VOX_DOWN_CRY_02,Dante - Dark Mafia,1.81,-1.5,ok,
VB05,VOX_DOWN_CRY_02,David - Deep Southern,1.63,-1.5,ok,
VB06,VOX_DOWN_CRY_02,Antonio - Grumpy Grandpa,1.76,-1.5,ok,
VB07,VOX_DOWN_CRY_02,Jerry B. - NY Italian,1.76,-1.5,ok,
VB08,VOX_DOWN_CRY_02,Austin - Deep Raspy,1.76,-1.5,ok,
VB01,VOX_DOWN_CRY_03,Tony - Tough Cocky,1.86,-1.5,ok,
VB02,VOX_DOWN_CRY_03,Syndicate - Top G,1.53,-1.7,ok,
VB04,VOX_DOWN_CRY_03,Dante - Dark Mafia,2.18,-1.5,ok,
VB05,VOX_DOWN_CRY_03,David - Deep Southern,1.81,-2.5,ok,
VB06,VOX_DOWN_CRY_03,Antonio - Grumpy Grandpa,2.00,-1.5,ok,
VB07,VOX_DOWN_CRY_03,Jerry B. - NY Italian,1.86,-1.5,ok,
VB08,VOX_DOWN_CRY_03,Austin - Deep Raspy,1.81,-1.5,ok,
VB01,VOX_DOWN_CRY_04,Tony - Tough Cocky,2.14,-1.6,ok,
VB02,VOX_DOWN_CRY_04,Syndicate - Top G,1.67,-1.5,ok,
VB03,VOX_DOWN_CRY_04,Pauly - Brooklyn Wise Guy,2.04,-1.5,ok,
VB04,VOX_DOWN_CRY_04,Dante - Dark Mafia,1.90,-1.5,ok,
VB05,VOX_DOWN_CRY_04,David - Deep Southern,2.09,-8.1,ok,
VB06,VOX_DOWN_CRY_04,Antonio - Grumpy Grandpa,2.04,-1.5,ok,
VB07,VOX_DOWN_CRY_04,Jerry B. - NY Italian,1.86,-1.5,ok,
VB08,VOX_DOWN_CRY_04,Austin - Deep Raspy,1.86,-1.5,ok,
VB01,VOX_FIGHT_CURSE_01,Tony - Tough Cocky,1.35,-1.5,ok,
VB02,VOX_FIGHT_CURSE_01,Syndicate - Top G,1.35,-4.7,ok,
VB03,VOX_FIGHT_CURSE_01,Pauly - Brooklyn Wise Guy,1.81,-1.5,ok,
VB04,VOX_FIGHT_CURSE_01,Dante - Dark Mafia,1.90,-1.5,ok,
VB05,VOX_FIGHT_CURSE_01,David - Deep Southern,1.39,-3.0,ok,
VB06,VOX_FIGHT_CURSE_01,Antonio - Grumpy Grandpa,1.76,-1.6,ok,
VB07,VOX_FIGHT_CURSE_01,Jerry B. - NY Italian,1.44,-1.5,ok,
VB08,VOX_FIGHT_CURSE_01,Austin - Deep Raspy,1.44,-1.5,ok,
VB01,VOX_FIGHT_CURSE_02,Tony - Tough Cocky,0.70,-1.7,ok,
VB02,VOX_FIGHT_CURSE_02,Syndicate - Top G,0.60,-1.6,ok,
VB04,VOX_FIGHT_CURSE_02,Dante - Dark Mafia,0.84,-1.5,ok,
VB05,VOX_FIGHT_CURSE_02,David - Deep Southern,0.65,-4.0,ok,
VB06,VOX_FIGHT_CURSE_02,Antonio - Grumpy Grandpa,0.98,-1.5,ok,
VB07,VOX_FIGHT_CURSE_02,Jerry B. - NY Italian,0.70,-1.5,ok,
VB08,VOX_FIGHT_CURSE_02,Austin - Deep Raspy,0.70,-1.5,ok,
VB01,VOX_FIGHT_CURSE_03,Tony - Tough Cocky,1.25,-1.5,ok,
VB02,VOX_FIGHT_CURSE_03,Syndicate - Top G,0.98,-1.5,ok,
VB03,VOX_FIGHT_CURSE_03,Pauly - Brooklyn Wise Guy,1.44,-3.3,ok,
VB04,VOX_FIGHT_CURSE_03,Dante - Dark Mafia,1.30,-1.9,ok,
VB05,VOX_FIGHT_CURSE_03,David - Deep Southern,1.11,-4.1,ok,
VB06,VOX_FIGHT_CURSE_03,Antonio - Grumpy Grandpa,1.21,-1.9,ok,
VB07,VOX_FIGHT_CURSE_03,Jerry B. - NY Italian,1.02,-1.6,ok,
VB08,VOX_FIGHT_CURSE_03,Austin - Deep Raspy,1.16,-1.7,ok,
VB01,VOX_FIGHT_CURSE_04,Tony - Tough Cocky,1.58,-1.6,ok,
VB02,VOX_FIGHT_CURSE_04,Syndicate - Top G,1.58,-1.5,ok,
VB03,VOX_FIGHT_CURSE_04,Pauly - Brooklyn Wise Guy,1.95,-1.5,ok,
VB04,VOX_FIGHT_CURSE_04,Dante - Dark Mafia,2.32,-1.5,ok,
VB05,VOX_FIGHT_CURSE_04,David - Deep Southern,1.72,-8.4,ok,
VB06,VOX_FIGHT_CURSE_04,Antonio - Grumpy Grandpa,1.63,-1.5,ok,
VB07,VOX_FIGHT_CURSE_04,Jerry B. - NY Italian,1.67,-1.5,ok,
VB08,VOX_FIGHT_CURSE_04,Austin - Deep Raspy,1.58,-1.5,ok,
VB01,VOX_FIGHT_CURSE_05,Tony - Tough Cocky,1.76,-1.5,ok,
VB02,VOX_FIGHT_CURSE_05,Syndicate - Top G,1.49,-1.5,ok,
VB03,VOX_FIGHT_CURSE_05,Pauly - Brooklyn Wise Guy,1.95,-3.0,ok,
VB04,VOX_FIGHT_CURSE_05,Dante - Dark Mafia,1.63,-1.5,ok,
VB05,VOX_FIGHT_CURSE_05,David - Deep Southern,1.53,-2.6,ok,
VB06,VOX_FIGHT_CURSE_05,Antonio - Grumpy Grandpa,1.39,-1.5,ok,
VB07,VOX_FIGHT_CURSE_05,Jerry B. - NY Italian,1.58,-1.5,ok,
VB08,VOX_FIGHT_CURSE_05,Austin - Deep Raspy,1.49,-1.6,ok,
VB01,VOX_FIGHT_CURSE_06,Tony - Tough Cocky,1.07,-1.6,ok,
VB02,VOX_FIGHT_CURSE_06,Syndicate - Top G,1.02,-1.5,ok,
VB03,VOX_FIGHT_CURSE_06,Pauly - Brooklyn Wise Guy,1.16,-3.0,ok,
VB04,VOX_FIGHT_CURSE_06,Dante - Dark Mafia,1.30,-2.0,ok,
VB05,VOX_FIGHT_CURSE_06,David - Deep Southern,1.07,-6.8,ok,
VB06,VOX_FIGHT_CURSE_06,Antonio - Grumpy Grandpa,1.07,-1.5,ok,
VB07,VOX_FIGHT_CURSE_06,Jerry B. - NY Italian,1.07,-2.7,ok,
VB08,VOX_FIGHT_CURSE_06,Austin - Deep Raspy,1.02,-1.5,ok,
VB01,VOX_FIGHT_CURSE_07,Tony - Tough Cocky,0.93,-1.5,ok,
VB02,VOX_FIGHT_CURSE_07,Syndicate - Top G,0.70,-1.5,ok,
VB03,VOX_FIGHT_CURSE_07,Pauly - Brooklyn Wise Guy,0.93,-1.6,ok,
VB04,VOX_FIGHT_CURSE_07,Dante - Dark Mafia,1.02,-1.6,ok,
VB05,VOX_FIGHT_CURSE_07,David - Deep Southern,0.98,-7.6,ok,
VB06,VOX_FIGHT_CURSE_07,Antonio - Grumpy Grandpa,1.07,-1.5,ok,
VB07,VOX_FIGHT_CURSE_07,Jerry B. - NY Italian,0.93,-2.3,ok,
VB08,VOX_FIGHT_CURSE_07,Austin - Deep Raspy,0.93,-3.0,ok,
VB01,VOX_FIGHT_CURSE_08,Tony - Tough Cocky,1.35,-1.5,ok,
VB02,VOX_FIGHT_CURSE_08,Syndicate - Top G,1.21,-7.4,ok,
VB03,VOX_FIGHT_CURSE_08,Pauly - Brooklyn Wise Guy,1.58,-4.2,ok,
VB04,VOX_FIGHT_CURSE_08,Dante - Dark Mafia,1.58,-1.5,ok,
VB05,VOX_FIGHT_CURSE_08,David - Deep Southern,1.30,-2.4,ok,
VB06,VOX_FIGHT_CURSE_08,Antonio - Grumpy Grandpa,1.44,-1.5,ok,
VB07,VOX_FIGHT_CURSE_08,Jerry B. - NY Italian,1.25,-1.5,ok,
VB08,VOX_FIGHT_CURSE_08,Austin - Deep Raspy,1.30,-1.9,ok,
VB01,VOX_SPOT_CONTACT_01,Tony - Tough Cocky,1.02,-1.5,ok,
VB02,VOX_SPOT_CONTACT_01,Syndicate - Top G,0.84,-1.5,ok,
VB03,VOX_SPOT_CONTACT_01,Pauly - Brooklyn Wise Guy,1.39,-3.8,ok,
VB04,VOX_SPOT_CONTACT_01,Dante - Dark Mafia,1.21,-1.5,ok,
VB05,VOX_SPOT_CONTACT_01,David - Deep Southern,1.16,-4.0,ok,
VB06,VOX_SPOT_CONTACT_01,Antonio - Grumpy Grandpa,1.07,-1.5,ok,
VB07,VOX_SPOT_CONTACT_01,Jerry B. - NY Italian,1.02,-3.0,ok,
VB08,VOX_SPOT_CONTACT_01,Austin - Deep Raspy,1.07,-2.6,ok,
VB01,VOX_SPOT_CONTACT_02,Tony - Tough Cocky,0.93,-1.6,ok,
VB02,VOX_SPOT_CONTACT_02,Syndicate - Top G,1.11,-1.6,ok,
VB03,VOX_SPOT_CONTACT_02,Pauly - Brooklyn Wise Guy,1.63,-1.6,ok,
VB04,VOX_SPOT_CONTACT_02,Dante - Dark Mafia,1.58,-1.5,ok,
VB05,VOX_SPOT_CONTACT_02,David - Deep Southern,1.21,-5.4,ok,
VB06,VOX_SPOT_CONTACT_02,Antonio - Grumpy Grandpa,1.49,-1.5,ok,
VB07,VOX_SPOT_CONTACT_02,Jerry B. - NY Italian,0.98,-1.6,ok,
VB08,VOX_SPOT_CONTACT_02,Austin - Deep Raspy,1.25,-1.5,ok,
VB01,VOX_SPOT_CONTACT_03,Tony - Tough Cocky,1.07,-1.6,ok,
VB02,VOX_SPOT_CONTACT_03,Syndicate - Top G,1.07,-1.6,ok,
VB03,VOX_SPOT_CONTACT_03,Pauly - Brooklyn Wise Guy,1.30,-2.5,ok,
VB04,VOX_SPOT_CONTACT_03,Dante - Dark Mafia,1.25,-1.5,ok,
VB05,VOX_SPOT_CONTACT_03,David - Deep Southern,1.07,-3.3,ok,
VB06,VOX_SPOT_CONTACT_03,Antonio - Grumpy Grandpa,1.21,-1.5,ok,
VB07,VOX_SPOT_CONTACT_03,Jerry B. - NY Italian,1.16,-1.5,ok,
VB08,VOX_SPOT_CONTACT_03,Austin - Deep Raspy,1.07,-1.5,ok,
VB01,VOX_SPOT_CONTACT_04,Tony - Tough Cocky,1.44,-1.5,ok,
VB02,VOX_SPOT_CONTACT_04,Syndicate - Top G,1.35,-2.8,ok,
VB03,VOX_SPOT_CONTACT_04,Pauly - Brooklyn Wise Guy,1.72,-1.5,ok,
VB04,VOX_SPOT_CONTACT_04,Dante - Dark Mafia,1.67,-1.5,ok,
VB05,VOX_SPOT_CONTACT_04,David - Deep Southern,1.39,-3.6,ok,
VB06,VOX_SPOT_CONTACT_04,Antonio - Grumpy Grandpa,1.44,-1.9,ok,
VB07,VOX_SPOT_CONTACT_04,Jerry B. - NY Italian,1.07,-1.6,ok,
VB08,VOX_SPOT_CONTACT_04,Austin - Deep Raspy,1.30,-1.5,ok,
VB01,VOX_DROP_GOT_01,Tony - Tough Cocky,0.79,-1.6,ok,
VB02,VOX_DROP_GOT_01,Syndicate - Top G,0.84,-1.5,ok,
VB03,VOX_DROP_GOT_01,Pauly - Brooklyn Wise Guy,1.07,-1.8,ok,
VB04,VOX_DROP_GOT_01,Dante - Dark Mafia,0.93,-1.6,ok,
VB05,VOX_DROP_GOT_01,David - Deep Southern,0.98,-3.4,ok,
VB06,VOX_DROP_GOT_01,Antonio - Grumpy Grandpa,1.07,-2.7,ok,
VB07,VOX_DROP_GOT_01,Jerry B. - NY Italian,0.93,-1.8,ok,
VB08,VOX_DROP_GOT_01,Austin - Deep Raspy,1.07,-1.5,ok,
VB01,VOX_DROP_GOT_02,Tony - Tough Cocky,0.79,-1.5,ok,
VB02,VOX_DROP_GOT_02,Syndicate - Top G,0.70,-1.6,ok,
VB03,VOX_DROP_GOT_02,Pauly - Brooklyn Wise Guy,0.88,-4.9,ok,
VB04,VOX_DROP_GOT_02,Dante - Dark Mafia,0.74,-1.5,ok,
VB05,VOX_DROP_GOT_02,David - Deep Southern,0.56,-9.6,ok,
VB06,VOX_DROP_GOT_02,Antonio - Grumpy Grandpa,0.74,-1.6,ok,
VB07,VOX_DROP_GOT_02,Jerry B. - NY Italian,0.79,-1.8,ok,
VB08,VOX_DROP_GOT_02,Austin - Deep Raspy,0.79,-1.5,ok,
VB01,VOX_DROP_GOT_03,Tony - Tough Cocky,1.02,-1.5,ok,
VB02,VOX_DROP_GOT_03,Syndicate - Top G,0.88,-1.8,ok,
VB03,VOX_DROP_GOT_03,Pauly - Brooklyn Wise Guy,0.93,-3.5,ok,
VB04,VOX_DROP_GOT_03,Dante - Dark Mafia,0.93,-1.5,ok,
VB05,VOX_DROP_GOT_03,David - Deep Southern,0.93,-1.5,ok,
VB06,VOX_DROP_GOT_03,Antonio - Grumpy Grandpa,1.35,-1.5,ok,
VB07,VOX_DROP_GOT_03,Jerry B. - NY Italian,0.93,-1.6,ok,
VB08,VOX_DROP_GOT_03,Austin - Deep Raspy,0.88,-1.5,ok,
VB01,VOX_DROP_GOT_04,Tony - Tough Cocky,1.11,-1.5,ok,
VB02,VOX_DROP_GOT_04,Syndicate - Top G,1.21,-1.5,ok,
VB03,VOX_DROP_GOT_04,Pauly - Brooklyn Wise Guy,1.63,-2.0,ok,
VB04,VOX_DROP_GOT_04,Dante - Dark Mafia,1.53,-1.5,ok,
VB05,VOX_DROP_GOT_04,David - Deep Southern,1.53,-1.6,ok,
VB06,VOX_DROP_GOT_04,Antonio - Grumpy Grandpa,1.49,-1.5,ok,
VB07,VOX_DROP_GOT_04,Jerry B. - NY Italian,1.25,-1.5,ok,
VB08,VOX_DROP_GOT_04,Austin - Deep Raspy,1.39,-1.5,ok,
VB01,VOX_LOSS_MAN_01,Tony - Tough Cocky,1.02,-1.5,ok,
VB02,VOX_LOSS_MAN_01,Syndicate - Top G,0.84,-1.5,ok,
VB03,VOX_LOSS_MAN_01,Pauly - Brooklyn Wise Guy,1.25,-1.9,ok,
VB04,VOX_LOSS_MAN_01,Dante - Dark Mafia,1.21,-1.5,ok,
VB05,VOX_LOSS_MAN_01,David - Deep Southern,1.11,-2.0,ok,
VB06,VOX_LOSS_MAN_01,Antonio - Grumpy Grandpa,1.16,-1.5,ok,
VB07,VOX_LOSS_MAN_01,Jerry B. - NY Italian,0.98,-1.5,ok,
VB08,VOX_LOSS_MAN_01,Austin - Deep Raspy,1.21,-1.5,ok,
VB01,VOX_LOSS_MAN_02,Tony - Tough Cocky,1.44,-1.5,ok,
VB02,VOX_LOSS_MAN_02,Syndicate - Top G,1.44,-2.5,ok,
VB03,VOX_LOSS_MAN_02,Pauly - Brooklyn Wise Guy,2.04,-1.6,ok,
VB04,VOX_LOSS_MAN_02,Dante - Dark Mafia,2.14,-1.5,ok,
VB05,VOX_LOSS_MAN_02,David - Deep Southern,1.72,-5.0,ok,
VB06,VOX_LOSS_MAN_02,Antonio - Grumpy Grandpa,1.67,-1.5,ok,
VB07,VOX_LOSS_MAN_02,Jerry B. - NY Italian,1.49,-1.5,ok,
VB08,VOX_LOSS_MAN_02,Austin - Deep Raspy,1.67,-1.5,ok,
VB01,VOX_LOSS_MAN_03,Tony - Tough Cocky,1.07,-1.8,ok,
VB02,VOX_LOSS_MAN_03,Syndicate - Top G,0.84,-2.3,ok,
VB03,VOX_LOSS_MAN_03,Pauly - Brooklyn Wise Guy,1.25,-3.8,ok,
VB04,VOX_LOSS_MAN_03,Dante - Dark Mafia,1.07,-1.5,ok,
VB05,VOX_LOSS_MAN_03,David - Deep Southern,1.11,-3.1,ok,
VB06,VOX_LOSS_MAN_03,Antonio - Grumpy Grandpa,1.16,-1.5,ok,
VB07,VOX_LOSS_MAN_03,Jerry B. - NY Italian,1.07,-1.5,ok,
VB08,VOX_LOSS_MAN_03,Austin - Deep Raspy,1.07,-1.5,ok,
VB01,VOX_LOSS_MAN_04,Tony - Tough Cocky,1.35,-1.5,ok,
VB02,VOX_LOSS_MAN_04,Syndicate - Top G,1.25,-1.5,ok,
VB03,VOX_LOSS_MAN_04,Pauly - Brooklyn Wise Guy,1.44,-1.8,ok,
VB04,VOX_LOSS_MAN_04,Dante - Dark Mafia,1.53,-1.6,ok,
VB05,VOX_LOSS_MAN_04,David - Deep Southern,1.35,-4.6,ok,
VB06,VOX_LOSS_MAN_04,Antonio - Grumpy Grandpa,1.53,-1.5,ok,
VB07,VOX_LOSS_MAN_04,Jerry B. - NY Italian,1.35,-1.6,ok,
VB08,VOX_LOSS_MAN_04,Austin - Deep Raspy,1.39,-1.5,ok,
VB01,VOX_PIN_HELD_01,Tony - Tough Cocky,1.07,-1.5,ok,
VB02,VOX_PIN_HELD_01,Syndicate - Top G,0.84,-1.5,ok,
VB03,VOX_PIN_HELD_01,Pauly - Brooklyn Wise Guy,1.21,-1.7,ok,
VB04,VOX_PIN_HELD_01,Dante - Dark Mafia,1.11,-2.0,ok,
VB05,VOX_PIN_HELD_01,David - Deep Southern,1.07,-7.1,ok,
VB06,VOX_PIN_HELD_01,Antonio - Grumpy Grandpa,1.07,-1.5,ok,
VB07,VOX_PIN_HELD_01,Jerry B. - NY Italian,1.07,-1.5,ok,
VB08,VOX_PIN_HELD_01,Austin - Deep Raspy,0.98,-1.9,ok,
VB01,VOX_PIN_HELD_02,Tony - Tough Cocky,0.93,-1.5,ok,
VB02,VOX_PIN_HELD_02,Syndicate - Top G,1.02,-1.5,ok,
VB03,VOX_PIN_HELD_02,Pauly - Brooklyn Wise Guy,1.30,-2.0,ok,
VB04,VOX_PIN_HELD_02,Dante - Dark Mafia,1.11,-1.5,ok,
VB05,VOX_PIN_HELD_02,David - Deep Southern,1.16,-4.7,ok,
VB06,VOX_PIN_HELD_02,Antonio - Grumpy Grandpa,1.44,-1.5,ok,
VB07,VOX_PIN_HELD_02,Jerry B. - NY Italian,1.11,-1.5,ok,
VB08,VOX_PIN_HELD_02,Austin - Deep Raspy,1.21,-1.5,ok,
VB01,VOX_PIN_HELD_03,Tony - Tough Cocky,1.02,-1.6,ok,
VB02,VOX_PIN_HELD_03,Syndicate - Top G,1.07,-1.5,ok,
VB03,VOX_PIN_HELD_03,Pauly - Brooklyn Wise Guy,1.53,-2.8,ok,
VB04,VOX_PIN_HELD_03,Dante - Dark Mafia,1.44,-1.7,ok,
VB05,VOX_PIN_HELD_03,David - Deep Southern,1.39,-5.5,ok,
VB06,VOX_PIN_HELD_03,Antonio - Grumpy Grandpa,1.39,-1.5,ok,
VB07,VOX_PIN_HELD_03,Jerry B. - NY Italian,1.21,-1.6,ok,
VB08,VOX_PIN_HELD_03,Austin - Deep Raspy,1.35,-1.6,ok,
VB01,VOX_WARN_CALL_01,Tony - Tough Cocky,0.93,-2.1,ok,
VB02,VOX_WARN_CALL_01,Syndicate - Top G,0.70,-1.5,ok,
VB03,VOX_WARN_CALL_01,Pauly - Brooklyn Wise Guy,1.02,-2.6,ok,
VB04,VOX_WARN_CALL_01,Dante - Dark Mafia,1.07,-2.5,ok,
VB05,VOX_WARN_CALL_01,David - Deep Southern,0.88,-7.4,ok,
VB06,VOX_WARN_CALL_01,Antonio - Grumpy Grandpa,0.88,-2.7,ok,
VB07,VOX_WARN_CALL_01,Jerry B. - NY Italian,0.79,-3.1,ok,
VB08,VOX_WARN_CALL_01,Austin - Deep Raspy,0.84,-1.6,ok,
VB01,VOX_WARN_CALL_02,Tony - Tough Cocky,0.93,-1.5,ok,
VB02,VOX_WARN_CALL_02,Syndicate - Top G,0.79,-2.1,ok,
VB03,VOX_WARN_CALL_02,Pauly - Brooklyn Wise Guy,1.07,-1.5,ok,
VB04,VOX_WARN_CALL_02,Dante - Dark Mafia,1.11,-2.8,ok,
VB05,VOX_WARN_CALL_02,David - Deep Southern,0.79,-3.6,ok,
VB06,VOX_WARN_CALL_02,Antonio - Grumpy Grandpa,1.11,-1.5,ok,
VB07,VOX_WARN_CALL_02,Jerry B. - NY Italian,0.93,-1.5,ok,
VB08,VOX_WARN_CALL_02,Austin - Deep Raspy,0.93,-1.5,ok,
VB01,VOX_WARN_CALL_03,Tony - Tough Cocky,0.70,-1.5,ok,
VB02,VOX_WARN_CALL_03,Syndicate - Top G,0.65,-1.6,ok,
VB03,VOX_WARN_CALL_03,Pauly - Brooklyn Wise Guy,0.84,-2.1,ok,
VB04,VOX_WARN_CALL_03,Dante - Dark Mafia,0.98,-1.5,ok,
VB05,VOX_WARN_CALL_03,David - Deep Southern,0.88,-7.1,ok,
VB06,VOX_WARN_CALL_03,Antonio - Grumpy Grandpa,1.07,-1.5,ok,
VB07,VOX_WARN_CALL_03,Jerry B. - NY Italian,0.79,-1.5,ok,
VB08,VOX_WARN_CALL_03,Austin - Deep Raspy,0.84,-1.6,ok,
VB01,VOX_SURR_HANDS_01,Tony - Tough Cocky,1.76,-1.5,ok,
VB02,VOX_SURR_HANDS_01,Syndicate - Top G,1.35,-1.7,ok,
VB03,VOX_SURR_HANDS_01,Pauly - Brooklyn Wise Guy,1.86,-2.3,ok,
VB04,VOX_SURR_HANDS_01,Dante - Dark Mafia,2.28,-3.6,ok,
VB05,VOX_SURR_HANDS_01,David - Deep Southern,1.53,-4.8,ok,
VB06,VOX_SURR_HANDS_01,Antonio - Grumpy Grandpa,1.58,-1.9,ok,
VB07,VOX_SURR_HANDS_01,Jerry B. - NY Italian,1.21,-1.5,ok,
VB08,VOX_SURR_HANDS_01,Austin - Deep Raspy,1.53,-1.5,ok,
VB01,VOX_SURR_HANDS_02,Tony - Tough Cocky,1.53,-1.5,ok,
VB02,VOX_SURR_HANDS_02,Syndicate - Top G,1.30,-1.6,ok,
VB03,VOX_SURR_HANDS_02,Pauly - Brooklyn Wise Guy,2.00,-1.6,ok,
VB04,VOX_SURR_HANDS_02,Dante - Dark Mafia,1.76,-1.5,ok,
VB05,VOX_SURR_HANDS_02,David - Deep Southern,1.44,-5.5,ok,
VB06,VOX_SURR_HANDS_02,Antonio - Grumpy Grandpa,1.49,-1.6,ok,
VB07,VOX_SURR_HANDS_02,Jerry B. - NY Italian,1.35,-1.5,ok,
VB08,VOX_SURR_HANDS_02,Austin - Deep Raspy,1.49,-1.8,ok,
VB01,VOX_SURR_HANDS_03,Tony - Tough Cocky,1.90,-1.6,ok,
VB02,VOX_SURR_HANDS_03,Syndicate - Top G,1.67,-1.5,ok,
VB03,VOX_SURR_HANDS_03,Pauly - Brooklyn Wise Guy,2.41,-1.9,ok,
VB04,VOX_SURR_HANDS_03,Dante - Dark Mafia,3.16,-1.5,ok,
VB05,VOX_SURR_HANDS_03,David - Deep Southern,1.95,-4.1,ok,
VB06,VOX_SURR_HANDS_03,Antonio - Grumpy Grandpa,2.00,-2.6,ok,
VB07,VOX_SURR_HANDS_03,Jerry B. - NY Italian,1.58,-2.0,ok,
VB08,VOX_SURR_HANDS_03,Austin - Deep Raspy,1.76,-1.5,ok,
VB01,VOX_LAW_HEAT_01,Tony - Tough Cocky,0.56,-1.5,ok,
VB02,VOX_LAW_HEAT_01,Syndicate - Top G,0.65,-1.5,ok,
VB03,VOX_LAW_HEAT_01,Pauly - Brooklyn Wise Guy,0.93,-1.6,ok,
VB04,VOX_LAW_HEAT_01,Dante - Dark Mafia,0.84,-1.5,ok,
VB05,VOX_LAW_HEAT_01,David - Deep Southern,0.84,-5.5,ok,
VB06,VOX_LAW_HEAT_01,Antonio - Grumpy Grandpa,0.84,-1.5,ok,
VB07,VOX_LAW_HEAT_01,Jerry B. - NY Italian,0.84,-1.5,ok,
VB08,VOX_LAW_HEAT_01,Austin - Deep Raspy,0.74,-1.5,ok,
VB01,VOX_LAW_HEAT_02,Tony - Tough Cocky,1.21,-4.0,ok,
VB02,VOX_LAW_HEAT_02,Syndicate - Top G,1.07,-2.7,ok,
VB03,VOX_LAW_HEAT_02,Pauly - Brooklyn Wise Guy,1.72,-3.9,ok,
VB04,VOX_LAW_HEAT_02,Dante - Dark Mafia,1.49,-1.5,ok,
VB05,VOX_LAW_HEAT_02,David - Deep Southern,1.39,-2.4,ok,
VB06,VOX_LAW_HEAT_02,Antonio - Grumpy Grandpa,1.35,-2.4,ok,
VB07,VOX_LAW_HEAT_02,Jerry B. - NY Italian,1.11,-1.6,ok,
VB08,VOX_LAW_HEAT_02,Austin - Deep Raspy,1.30,-1.5,ok,
VB01,VOX_LAW_HEAT_03,Tony - Tough Cocky,1.44,-1.5,ok,
VB02,VOX_LAW_HEAT_03,Syndicate - Top G,1.49,-1.5,ok,
VB03,VOX_LAW_HEAT_03,Pauly - Brooklyn Wise Guy,2.14,-1.5,ok,
VB04,VOX_LAW_HEAT_03,Dante - Dark Mafia,2.00,-1.6,ok,
VB05,VOX_LAW_HEAT_03,David - Deep Southern,1.86,-4.7,ok,
VB06,VOX_LAW_HEAT_03,Antonio - Grumpy Grandpa,1.63,-1.5,ok,
VB07,VOX_LAW_HEAT_03,Jerry B. - NY Italian,1.39,-1.5,ok,
VB08,VOX_LAW_HEAT_03,Austin - Deep Raspy,1.53,-1.5,ok,
VB01,VOX_WIN_OVER_01,Tony - Tough Cocky,1.39,-1.5,ok,
VB02,VOX_WIN_OVER_01,Syndicate - Top G,1.30,-1.5,ok,
VB03,VOX_WIN_OVER_01,Pauly - Brooklyn Wise Guy,1.35,-2.0,ok,
VB04,VOX_WIN_OVER_01,Dante - Dark Mafia,1.49,-1.5,ok,
VB05,VOX_WIN_OVER_01,David - Deep Southern,1.30,-1.5,ok,
VB06,VOX_WIN_OVER_01,Antonio - Grumpy Grandpa,1.30,-1.5,ok,
VB07,VOX_WIN_OVER_01,Jerry B. - NY Italian,1.30,-1.5,ok,
VB08,VOX_WIN_OVER_01,Austin - Deep Raspy,1.25,-1.5,ok,
VB01,VOX_WIN_OVER_02,Tony - Tough Cocky,1.11,-1.5,ok,
VB02,VOX_WIN_OVER_02,Syndicate - Top G,1.02,-1.8,ok,
VB03,VOX_WIN_OVER_02,Pauly - Brooklyn Wise Guy,1.39,-3.6,ok,
VB04,VOX_WIN_OVER_02,Dante - Dark Mafia,1.44,-1.5,ok,
VB05,VOX_WIN_OVER_02,David - Deep Southern,1.11,-3.0,ok,
VB06,VOX_WIN_OVER_02,Antonio - Grumpy Grandpa,1.16,-1.5,ok,
VB07,VOX_WIN_OVER_02,Jerry B. - NY Italian,1.07,-1.6,ok,
VB08,VOX_WIN_OVER_02,Austin - Deep Raspy,1.07,-1.5,ok,
VB01,VOX_WIN_OVER_03,Tony - Tough Cocky,1.58,-1.5,ok,
VB02,VOX_WIN_OVER_03,Syndicate - Top G,1.49,-2.0,ok,
VB03,VOX_WIN_OVER_03,Pauly - Brooklyn Wise Guy,1.90,-2.5,ok,
VB04,VOX_WIN_OVER_03,Dante - Dark Mafia,1.76,-1.5,ok,
VB05,VOX_WIN_OVER_03,David - Deep Southern,1.53,-1.5,ok,
VB06,VOX_WIN_OVER_03,Antonio - Grumpy Grandpa,1.90,-1.5,ok,
VB07,VOX_WIN_OVER_03,Jerry B. - NY Italian,1.21,-1.5,ok,
VB08,VOX_WIN_OVER_03,Austin - Deep Raspy,1.39,-1.5,ok,
