vendor	pack	file	MB	path
344 Audio	Air Designed	AEROJet_Blast Off Clean_344 Audio_Air Designed.wav	4.8	344 Audio - Air Designed/AEROJet_Blast Off Clean_344 Audio_Air Designed.wav
344 Audio	Air Designed	AEROJet_Unidentified Encounter_344 Audio_Air Designed.wav	32.1	344 Audio - Air Designed/AEROJet_Unidentified Encounter_344 Audio_Air Designed.wav
344 Audio	Anime Fight Voices Vol. 1	VOXMale_Boxer Level Up 1_344 Audio_Anime Fight Voices.wav	2.9	344 Audio - Anime Fight Voices Vol. 1/VOXMale_Boxer Level Up 1_344 Audio_Anime Fight Voices.wav
344 Audio	Anime Fight Voices Vol. 1	VOXMale_Male Adventurer, Active Yell 19_344 Audio_Anime Fight Voices.wav	0.2	344 Audio - Anime Fight Voices Vol. 1/VOXMale_Male Adventurer, Active Yell 19_344 Audio_Anime Fight Voices.wav
344 Audio	Anime Fight Voices Vol. 1	VOXMale_Warrior Opponent Attack, 'Ai yah' 2_344 Audio_Anime Fight Voices.wav	0.5	344 Audio - Anime Fight Voices Vol. 1/VOXMale_Warrior Opponent Attack, 'Ai yah' 2_344 Audio_Anime Fight Voices.wav
344 Audio	Anime Fight Voices Vol. 2	VOXFem_Anime, Adult Warrior Breaths 40_344 Audio_Anime Fight Voices Vol 2.wav	0.5	344 Audio - Anime Fight Voices Vol. 2/VOXFem_Anime, Adult Warrior Breaths 40_344 Audio_Anime Fight Voices Vol 2.wav
344 Audio	Anime Fight Voices Vol. 2	VOXFem_Anime, Schoolgirl Fight Exhale 15_344 Audio_Anime Fight Voices Vol 2.wav	0.4	344 Audio - Anime Fight Voices Vol. 2/VOXFem_Anime, Schoolgirl Fight Exhale 15_344 Audio_Anime Fight Voices Vol 2.wav
344 Audio	Anime Fight Voices Vol. 2	VOXFem_Anime, Warrior Elf Princess Aggressive Yell_344 Audio_Anime Fight Voices Vol 2_14.wav	0.9	344 Audio - Anime Fight Voices Vol. 2/VOXFem_Anime, Warrior Elf Princess Aggressive Yell_344 Audio_Anime Fight Voices Vol 2_14.wav
344 Audio	Antique Books	PAPRMisc_Antique Books Flicking Through Pages 11_344 Audio_Antiques - Books.wav	1.0	344 Audio - Antique Books/PAPRMisc_Antique Books Flicking Through Pages 11_344 Audio_Antiques - Books.wav
344 Audio	Antique Books	PAPRMisc_Antique Books Slow Page Turns 6_344 Audio_Antiques - Books.wav	7.6	344 Audio - Antique Books/PAPRMisc_Antique Books Slow Page Turns 6_344 Audio_Antiques - Books.wav
344 Audio	Antique Books	PAPRMisc_Pile Of Antique Books Falling Over 8_344 Audio_Antiques - Books.wav	1.5	344 Audio - Antique Books/PAPRMisc_Pile Of Antique Books Falling Over 8_344 Audio_Antiques - Books.wav
344 Audio	Antique Clocks	CLOCKTick_Crooked Antique Clock_344 Audio_Antique Clocks.wav	33.1	344 Audio - Antique Clocks/CLOCKTick_Crooked Antique Clock_344 Audio_Antique Clocks.wav
344 Audio	Antique Clocks	CLOCKTick_You're Running Late _344 Audio_Antique Clocks.wav	33.1	344 Audio - Antique Clocks/CLOCKTick_You're Running Late _344 Audio_Antique Clocks.wav
344 Audio	Antique Luggage	OBJLug_Rumaging Through Suitcase, Antique Suitcase_344 Audio_Antiques - Luggage_02.wav	4.8	344 Audio - Antique Luggage/OBJLug_Rumaging Through Suitcase, Antique Suitcase_344 Audio_Antiques - Luggage_02.wav
344 Audio	Antique Luggage	OBJLug_Suitcase Being Locked, Antique Suitcase 1_344 Audio_Antiques - Luggage.wav	5.0	344 Audio - Antique Luggage/OBJLug_Suitcase Being Locked, Antique Suitcase 1_344 Audio_Antiques - Luggage.wav
344 Audio	Antique Luggage	OBJLug_Suitcase Opening and Closing, Antique Suitcase_344 Audio_Antiques - Luggage_01.wav	4.5	344 Audio - Antique Luggage/OBJLug_Suitcase Opening and Closing, Antique Suitcase_344 Audio_Antiques - Luggage_01.wav
344 Audio	Antique Small Metals	METLMvmt_  Antique Measuring Tape_344 Audio_Antique Small Metals.wav	0.4	344 Audio - Antique Small Metals/METLMvmt_  Antique Measuring Tape_344 Audio_Antique Small Metals.wav
344 Audio	Antique Small Metals	METLMvmt_  Opening Lid Of Antique Blowtorch_344 Audio_Antique Small Metals.wav	0.8	344 Audio - Antique Small Metals/METLMvmt_  Opening Lid Of Antique Blowtorch_344 Audio_Antique Small Metals.wav
344 Audio	Antique Small Metals	METLMvmt_  Tinkering Antique Lock_344 Audio_Antique Small Metals.wav	2.2	344 Audio - Antique Small Metals/METLMvmt_  Tinkering Antique Lock_344 Audio_Antique Small Metals.wav
344 Audio	Antique Telephone	COMTelph_Antique Telephone Ear Piece Falling Down_344 Audio_Antiques - Telephone_03.wav	0.7	344 Audio - Antique Telephone/COMTelph_Antique Telephone Ear Piece Falling Down_344 Audio_Antiques - Telephone_03.wav
344 Audio	Antique Telephone	COMTelph_Antique Telephone Pick Up & Drop Ear Piece_344 Audio_Antiques - Telephone_05.wav	1.8	344 Audio - Antique Telephone/COMTelph_Antique Telephone Pick Up & Drop Ear Piece_344 Audio_Antiques - Telephone_05.wav
344 Audio	Antique Telephone	COMTelph_Antique Telephone Rotary Dial Number  9_344 Audio_Antiques - Telephone.wav	1.4	344 Audio - Antique Telephone/COMTelph_Antique Telephone Rotary Dial Number  9_344 Audio_Antiques - Telephone.wav
344 Audio	Antique Typewriter	COMType_Typewriter Carriage Movement, Typewriter_344 Audio_Antiques - Typewriter_01.wav	2.3	344 Audio - Antique Typewriter/COMType_Typewriter Carriage Movement, Typewriter_344 Audio_Antiques - Typewriter_01.wav
344 Audio	Antique Typewriter	COMType_Typewriter Paper Movements, Typewriter 04_344 Audio_Antiques - Typewriter.wav	2.0	344 Audio - Antique Typewriter/COMType_Typewriter Paper Movements, Typewriter 04_344 Audio_Antiques - Typewriter.wav
344 Audio	Antique Typewriter	COMType_Typewriter Space Key, Typewriter 05_344 Audio_Antiques - Typewriter.wav	0.3	344 Audio - Antique Typewriter/COMType_Typewriter Space Key, Typewriter 05_344 Audio_Antiques - Typewriter.wav
344 Audio	Barbershop Vol. 1	OBJFurn_Barber Chair, Foot Pump 4_344 Audio_Barbershop Vol 1.wav	4.0	344 Audio - Barbershop Vol. 1/OBJFurn_Barber Chair, Foot Pump 4_344 Audio_Barbershop Vol 1.wav
344 Audio	Barbershop Vol. 1	OBJMisc_Hair Dryer, On, Idle, Off 4_344 Audio_Barbershop Vol 1.wav	6.8	344 Audio - Barbershop Vol. 1/OBJMisc_Hair Dryer, On, Idle, Off 4_344 Audio_Barbershop Vol 1.wav
344 Audio	Barbershop Vol. 1	OBJMisc_Spray Bottle, Spray 1_344 Audio_Barbershop Vol 1.wav	0.3	344 Audio - Barbershop Vol. 1/OBJMisc_Spray Bottle, Spray 1_344 Audio_Barbershop Vol 1.wav
344 Audio	Barbershop Vol. 2	OBJMisc_Hair Brush, Plastic Bristles, Brushing Hair_344 Audio_Barbershop Vol 2.wav	3.3	344 Audio - Barbershop Vol. 2/OBJMisc_Hair Brush, Plastic Bristles, Brushing Hair_344 Audio_Barbershop Vol 2.wav
344 Audio	Barbershop Vol. 2	OBJMisc_Hair Scissor, Snips 4_344 Audio_Barbershop Vol 2.wav	2.9	344 Audio - Barbershop Vol. 2/OBJMisc_Hair Scissor, Snips 4_344 Audio_Barbershop Vol 2.wav
344 Audio	Barbershop Vol. 2	OBJMisc_Wahl Sterling Trimmer, On, Idle, Off_344 Audio_Barbershop Vol 2.wav	24.7	344 Audio - Barbershop Vol. 2/OBJMisc_Wahl Sterling Trimmer, On, Idle, Off_344 Audio_Barbershop Vol 2.wav
344 Audio	Bass Drops & Downers Vol. 1	DSGNBass_Bass Drop & Downer Fast 16_344 Audio_Bass Drops & Downers.wav	2.4	344 Audio - Bass Drops & Downers Vol. 1/DSGNBass_Bass Drop & Downer Fast 16_344 Audio_Bass Drops & Downers.wav
344 Audio	Bass Drops & Downers Vol. 1	DSGNBass_Bass Drop & Downer Medium 04_344 Audio_Bass Drops & Downers.wav	5.0	344 Audio - Bass Drops & Downers Vol. 1/DSGNBass_Bass Drop & Downer Medium 04_344 Audio_Bass Drops & Downers.wav
344 Audio	Bass Drops & Downers Vol. 1	DSGNBass_Bass Drop & Downer Slow 10_344 Audio_Bass Drops & Downers.wav	8.9	344 Audio - Bass Drops & Downers Vol. 1/DSGNBass_Bass Drop & Downer Slow 10_344 Audio_Bass Drops & Downers.wav
344 Audio	Bass Drops & Downers Vol. 2	DSGNBass_Bass Drop & Downer Fast 12_344 Audio_Bass Drops & Downers Vol 2.wav	2.9	344 Audio - Bass Drops & Downers Vol. 2/DSGNBass_Bass Drop & Downer Fast 12_344 Audio_Bass Drops & Downers Vol 2.wav
344 Audio	Bass Drops & Downers Vol. 2	DSGNBass_Bass Drop & Downer Medium 15_344 Audio_Bass Drops & Downers Vol 2.wav	4.0	344 Audio - Bass Drops & Downers Vol. 2/DSGNBass_Bass Drop & Downer Medium 15_344 Audio_Bass Drops & Downers Vol 2.wav
344 Audio	Bass Drops & Downers Vol. 2	DSGNBass_Bass Drop & Downer Slow 07_344 Audio_Bass Drops & Downers Vol 2.wav	5.1	344 Audio - Bass Drops & Downers Vol. 2/DSGNBass_Bass Drop & Downer Slow 07_344 Audio_Bass Drops & Downers Vol 2.wav
344 Audio	Bass Drops & Downers Vol. 3	DSGNBass_Jump Start Drop 3_344 Audio_Bass Drops and Downers Vol 3.wav	4.1	344 Audio - Bass Drops & Downers Vol. 3/DSGNBass_Jump Start Drop 3_344 Audio_Bass Drops and Downers Vol 3.wav
344 Audio	Bass Drops & Downers Vol. 3	DSGNBass_Rattling Downer 3_344 Audio_Bass Drops and Downers Vol 3.wav	6.2	344 Audio - Bass Drops & Downers Vol. 3/DSGNBass_Rattling Downer 3_344 Audio_Bass Drops and Downers Vol 3.wav
344 Audio	Bass Drops & Downers Vol. 3	DSGNBass_Tone Downer (Reverb)_344 Audio_Bass Drops and Downers Vol 3.wav	6.5	344 Audio - Bass Drops & Downers Vol. 3/DSGNBass_Tone Downer (Reverb)_344 Audio_Bass Drops and Downers Vol 3.wav
344 Audio	British Police Radio Vol. 1	VOXMale_Police Radio, Burglary, Calm, Update, Warning_344 Audio_British Police Radio.wav	4.1	344 Audio - British Police Radio Vol. 1/VOXMale_Police Radio, Burglary, Calm, Update, Warning_344 Audio_British Police Radio.wav
344 Audio	British Police Radio Vol. 1	VOXMale_Police Radio, Car Theft, Relaxed, Update, Helpful_344 Audio_British Police Radio.wav	3.3	344 Audio - British Police Radio Vol. 1/VOXMale_Police Radio, Car Theft, Relaxed, Update, Helpful_344 Audio_British Police Radio.wav
344 Audio	British Police Radio Vol. 1	VOXMale_Police, Vehicle, Calm, 'Standing By'_344 Audio_British Police Radio.wav	1.3	344 Audio - British Police Radio Vol. 1/VOXMale_Police, Vehicle, Calm, 'Standing By'_344 Audio_British Police Radio.wav
344 Audio	Car Foley Vol. 1	VEHInt_CLIMATE CONTROL SYSTEM, FAN SPEED DIAL, FAST_344 Audio_Car Foley Vol 1.wav	0.9	344 Audio - Car Foley Vol. 1/VEHInt_CLIMATE CONTROL SYSTEM, FAN SPEED DIAL, FAST_344 Audio_Car Foley Vol 1.wav
344 Audio	Car Foley Vol. 1	VEHInt_CUP HOLDER, RELEASE 1_344 Audio_Car Foley Vol 1.wav	0.6	344 Audio - Car Foley Vol. 1/VEHInt_CUP HOLDER, RELEASE 1_344 Audio_Car Foley Vol 1.wav
344 Audio	Car Foley Vol. 1	VEHInt_LIGHTING CONTROL, RELEASE, HEADLIGHT FLASH_344 Audio_Car Foley Vol 1.wav	0.3	344 Audio - Car Foley Vol. 1/VEHInt_LIGHTING CONTROL, RELEASE, HEADLIGHT FLASH_344 Audio_Car Foley Vol 1.wav
344 Audio	Casino Cards Vol. 1	GAMECas_Automatic Shuffler, Shuffling 1_344 Audio_Casino Cards Vol 1.wav	5.7	344 Audio - Casino Cards Vol. 1/GAMECas_Automatic Shuffler, Shuffling 1_344 Audio_Casino Cards Vol 1.wav
344 Audio	Casino Cards Vol. 1	GAMECas_Dealing 3_344 Audio_Casino Cards Vol 1.wav	7.7	344 Audio - Casino Cards Vol. 1/GAMECas_Dealing 3_344 Audio_Casino Cards Vol 1.wav
344 Audio	Casino Cards Vol. 1	GAMECas_Pick Up Multiple Cards At Once 5_344 Audio_Casino Cards Vol 1.wav	0.4	344 Audio - Casino Cards Vol. 1/GAMECas_Pick Up Multiple Cards At Once 5_344 Audio_Casino Cards Vol 1.wav
344 Audio	Christmas Vol. 1	MAGMisc_Magic Christmas Bells 2_344 Audio_Christmas.wav	4.9	344 Audio - Christmas Vol. 1/MAGMisc_Magic Christmas Bells 2_344 Audio_Christmas.wav
344 Audio	Christmas Vol. 1	MAGMisc_Sleigh Movement, Pulling_344 Audio_Christmas.wav	6.3	344 Audio - Christmas Vol. 1/MAGMisc_Sleigh Movement, Pulling_344 Audio_Christmas.wav
344 Audio	Christmas Vol. 1	MAGMisc_Wrapping Paper, Opening Present 1_344 Audio_Christmas.wav	1.6	344 Audio - Christmas Vol. 1/MAGMisc_Wrapping Paper, Opening Present 1_344 Audio_Christmas.wav
344 Audio	Cinema Experience Vol. 1	FOLYProp_Sitting Down, Creaky Seat, Squeaks 3_344 Audio_CInema Experience.wav	2.5	344 Audio - Cinema Experience Vol. 1/FOLYProp_Sitting Down, Creaky Seat, Squeaks 3_344 Audio_CInema Experience.wav
344 Audio	Cinema Experience Vol. 1	FOODMisc_Broom Sweeping Up Snacks On Hard Floor 2_344 Audio_CInema Experience.wav	3.3	344 Audio - Cinema Experience Vol. 1/FOODMisc_Broom Sweeping Up Snacks On Hard Floor 2_344 Audio_CInema Experience.wav
344 Audio	Cinema Experience Vol. 1	VOXReac_Spectator, Female, Various Questions_344 Audio_Cinema Experience.wav	9.9	344 Audio - Cinema Experience Vol. 1/VOXReac_Spectator, Female, Various Questions_344 Audio_Cinema Experience.wav
344 Audio	Cinematic Fight Vol. 1	FGHTGrab_Choking, Tension 03_344 Audio_Cinematic Fight Vol 1.wav	9.8	344 Audio - Cinematic Fight Vol. 1/FGHTGrab_Choking, Tension 03_344 Audio_Cinematic Fight Vol 1.wav
344 Audio	Cinematic Fight Vol. 1	FGHTImpt_4 x Punch, Body 02_344 Audio_Cinematic Fight Vol 1.wav	4.3	344 Audio - Cinematic Fight Vol. 1/FGHTImpt_4 x Punch, Body 02_344 Audio_Cinematic Fight Vol 1.wav
344 Audio	Climbing Gear Foley Vol. 1	EQUISprt_Climbing Gear, Carabiner, Screwing Lock 01_344 Audio_Climbing Gear Foley Vol 1.wav	1.8	344 Audio - Climbing Gear Foley Vol. 1/EQUISprt_Climbing Gear, Carabiner, Screwing Lock 01_344 Audio_Climbing Gear Foley Vol 1.wav
344 Audio	Climbing Gear Foley Vol. 1	EQUISprt_Climbing Gear, Flicking Carabiner On Rope_344 Audio_Climbing Gear Foley Vol 1.wav	3.4	344 Audio - Climbing Gear Foley Vol. 1/EQUISprt_Climbing Gear, Flicking Carabiner On Rope_344 Audio_Climbing Gear Foley Vol 1.wav
344 Audio	Dinosaurs Vol. 1	ANMLRept_Hatchling Calling Out_344 Audio_Dinosaurs.wav	1.0	344 Audio - Dinosaurs Vol. 1/ANMLRept_Hatchling Calling Out_344 Audio_Dinosaurs.wav
344 Audio	Dinosaurs Vol. 1	ANMLRept_Raptor Flair_344 Audio_Dinosaurs.wav	1.0	344 Audio - Dinosaurs Vol. 1/ANMLRept_Raptor Flair_344 Audio_Dinosaurs.wav
344 Audio	Dinosaurs Vol. 1	ANMLRept_T Rex_344 Audio_Dinosaurs.wav	3.2	344 Audio - Dinosaurs Vol. 1/ANMLRept_T Rex_344 Audio_Dinosaurs.wav
344 Audio	Dinosaurs Vol. 2	ANMLRept_Dinosaur Eating Meat 01_344 Audio_Dinosaurs Vol 2.wav	10.7	344 Audio - Dinosaurs Vol. 2/ANMLRept_Dinosaur Eating Meat 01_344 Audio_Dinosaurs Vol 2.wav
344 Audio	Dinosaurs Vol. 2	ANMLRept_Dinosaur Egg Hatching 02_344 Audio_Dinosaurs Vol 2.wav	0.9	344 Audio - Dinosaurs Vol. 2/ANMLRept_Dinosaur Egg Hatching 02_344 Audio_Dinosaurs Vol 2.wav
344 Audio	Dinosaurs Vol. 2	ANMLRept_Large Herbivore Roar 01_344 Audio_Dinosaurs Vol 2.wav	6.9	344 Audio - Dinosaurs Vol. 2/ANMLRept_Large Herbivore Roar 01_344 Audio_Dinosaurs Vol 2.wav
344 Audio	Dog Vocalisations Vol. 1	ANMLDog_Dog Barks, Multiple, Indoors, Perspective,_344 Audio_Dog Vocalisations_02.wav	3.3	344 Audio - Dog Vocalisations Vol. 1/ANMLDog_Dog Barks, Multiple, Indoors, Perspective,_344 Audio_Dog Vocalisations_02.wav
344 Audio	Dog Vocalisations Vol. 1	ANMLDog_Dog Shuffle, Grunt, Movement, Lying Down_344 Audio_Dog Vocalisations.wav	3.0	344 Audio - Dog Vocalisations Vol. 1/ANMLDog_Dog Shuffle, Grunt, Movement, Lying Down_344 Audio_Dog Vocalisations.wav
344 Audio	East Coast America Vol. 1	AMBSubn_Ambience, Forest Crickets, Birds, Connecticut 02_344 Audio_East Coast America.wav	28.9	344 Audio - East Coast America Vol. 1/AMBSubn_Ambience, Forest Crickets, Birds, Connecticut 02_344 Audio_East Coast America.wav
344 Audio	East Coast America Vol. 1	AMBSubn_Electricity Hum, Lightbulb,  Coil Pickup 01_344 Audio_East Coast America.wav	34.1	344 Audio - East Coast America Vol. 1/AMBSubn_Electricity Hum, Lightbulb,  Coil Pickup 01_344 Audio_East Coast America.wav
344 Audio	Elemental Palette Designed Vol. 1	METLMisc_Metal, Slow Whoosh, Rattle, Pass By x4 01_344 Audio_Elemental Palette Designed Vol 1.wav	0.7	344 Audio - Elemental Palette Designed Vol. 1/METLMisc_Metal, Slow Whoosh, Rattle, Pass By x4 01_344 Audio_Elemental Palette Designed Vol 1.wav
344 Audio	Elemental Palette Designed Vol. 1	WATRMisc_Water, Liquid Impact, Bubble, Sci Fi, Hit 04_344 Audio_Elemental Palette Designed Vol 1.wav	0.7	344 Audio - Elemental Palette Designed Vol. 1/WATRMisc_Water, Liquid Impact, Bubble, Sci Fi, Hit 04_344 Audio_Elemental Palette Designed Vol 1.wav
344 Audio	Elemental Palette Designed Vol. 1	WINDDsgn_Wind, Rush, Whoosh, Long x5 01_344 Audio_Elemental Palette Designed Vol 1.wav	0.6	344 Audio - Elemental Palette Designed Vol. 1/WINDDsgn_Wind, Rush, Whoosh, Long x5 01_344 Audio_Elemental Palette Designed Vol 1.wav
344 Audio	Extreme Winds Vol. 1	METLFric_Large Metal Box, Drag, Geofon_344 Audio_Extreme Winds Vol 1.wav	37.2	344 Audio - Extreme Winds Vol. 1/METLFric_Large Metal Box, Drag, Geofon_344 Audio_Extreme Winds Vol 1.wav
344 Audio	Extreme Winds Vol. 1	WINDDsgn_EXT, Eye Of The Storm_344 Audio_Extreme Winds Vol 1.wav	199.0	344 Audio - Extreme Winds Vol. 1/WINDDsgn_EXT, Eye Of The Storm_344 Audio_Extreme Winds Vol 1.wav
344 Audio	Ghostly Presences Vol. 1	AMBDsgn_Evil Spell Ambience_344 Audio_Ghostly Presences.wav	198.8	344 Audio - Ghostly Presences Vol. 1/AMBDsgn_Evil Spell Ambience_344 Audio_Ghostly Presences.wav
344 Audio	Haunting Ambiences Vol. 3	METLImpt_Metal Bangs, Metal Hits, Banging On Doors_344 Audio_Haunting Ambiences Vol 3.wav	199.0	344 Audio - Haunting Ambiences Vol. 3/METLImpt_Metal Bangs, Metal Hits, Banging On Doors_344 Audio_Haunting Ambiences Vol 3.wav
344 Audio	Haunting Ambiences Vol. 3	WOODImpt_Wooden Hit, Dark, Heavy Hit, Vampire's Prison_344 Audio_Haunting Ambiences Vol 3.wav	199.0	344 Audio - Haunting Ambiences Vol. 3/WOODImpt_Wooden Hit, Dark, Heavy Hit, Vampire's Prison_344 Audio_Haunting Ambiences Vol 3.wav
344 Audio	Haunting Ambiences Vol. 5	FIRECrkl_Fire Crackling, Popping, Witch's Cauldron_344 Audio_Haunting Ambiences Vol 5.wav	198.8	344 Audio - Haunting Ambiences Vol. 5/FIRECrkl_Fire Crackling, Popping, Witch's Cauldron_344 Audio_Haunting Ambiences Vol 5.wav
344 Audio	Haunting Ambiences Vol. 5	HMNBrth_Respirator, Specimen Breathing, Mad Scientist Lab_344 Audio_Haunting Ambiences Vol 5.wav	198.8	344 Audio - Haunting Ambiences Vol. 5/HMNBrth_Respirator, Specimen Breathing, Mad Scientist Lab_344 Audio_Haunting Ambiences Vol 5.wav
344 Audio	Historical Weapons Vol. 2	WEAPArmr_Metal Shield Spin On Floor, Buckler MKH_344 Audio_Medieval Weapons Vol 2.wav	40.0	344 Audio - Historical Weapons Vol. 2/WEAPArmr_Metal Shield Spin On Floor, Buckler MKH_344 Audio_Medieval Weapons Vol 2.wav
344 Audio	Historical Weapons Vol. 2	WEAPBlnt_Spear And Stick Impact, Wooden MKH 2_344 Audio_Medieval Weapons Vol 2.wav	12.5	344 Audio - Historical Weapons Vol. 2/WEAPBlnt_Spear And Stick Impact, Wooden MKH 2_344 Audio_Medieval Weapons Vol 2.wav
344 Audio	Historical Weapons Vol. 2	WEAPSwrd_Sword Slide Cuts, Metallic, Impact CM4 2_344 Audio_Medieval Weapons Vol 2.wav	14.3	344 Audio - Historical Weapons Vol. 2/WEAPSwrd_Sword Slide Cuts, Metallic, Impact CM4 2_344 Audio_Medieval Weapons Vol 2.wav
Alexander Kopeikin	100 kHz Designed Ice	ice, block of ice crushed, heavy-015.wav	0.8	Alexander Kopeikin - 100 kHz Designed Ice/ice, block of ice crushed, heavy-015.wav
Alexander Kopeikin	100 kHz Designed Ice	ice, crack, ice block snapping-001.wav	1.6	Alexander Kopeikin - 100 kHz Designed Ice/ice, crack, ice block snapping-001.wav
Alexander Kopeikin	100 kHz Designed Ice	ice, movement, ice drift, ice field cracking up, initial, wide-001.wav	45.7	Alexander Kopeikin - 100 kHz Designed Ice/ice, movement, ice drift, ice field cracking up, initial, wide-001.wav
Alexander Kopeikin	100 kHz Designed Ice	ice, surface cracking, fissure, fast, hard-003.wav	2.8	Alexander Kopeikin - 100 kHz Designed Ice/ice, surface cracking, fissure, fast, hard-003.wav
Alexander Kopeikin	Emotion and Magic	magic, action gesture, evil presence, onslaught-004.wav	10.5	Alexander Kopeikin - Emotion and Magic/magic, action gesture, evil presence, onslaught-004.wav
Alexander Kopeikin	Emotion and Magic	magic, drone, tension, spellbound, evanescence-002.wav	17.6	Alexander Kopeikin - Emotion and Magic/magic, drone, tension, spellbound, evanescence-002.wav
Alexander Kopeikin	Emotion and Magic	magic, energy flow, astonishment-001.wav	5.3	Alexander Kopeikin - Emotion and Magic/magic, energy flow, astonishment-001.wav
Alexander Kopeikin	Emotion and Magic	magic, energy flow, astral travel-015.wav	33.5	Alexander Kopeikin - Emotion and Magic/magic, energy flow, astral travel-015.wav
CB_Sounddesign	Applicable Sounds - Organic UI and Building Games SFX	GAMEMisc_Magic Creation 23_CB Sounddesign_APPlicable Sounds.wav	0.9	CB_Sounddesign - Applicable Sounds - Organic UI and Building Games SFX/GAMEMisc_Magic Creation 23_CB Sounddesign_APPlicable Sounds.wav
CB_Sounddesign	Applicable Sounds - Organic UI and Building Games SFX	TOONMisc_Bird Flutes 3_CB Sounddesign_APPlicable Sounds.wav	0.3	CB_Sounddesign - Applicable Sounds - Organic UI and Building Games SFX/TOONMisc_Bird Flutes 3_CB Sounddesign_APPlicable Sounds.wav
CB_Sounddesign	Applicable Sounds - Organic UI and Building Games SFX	UIMisc_Kalimba 3 Up_CB Sounddesign_APPlicable Sounds.wav	0.2	CB_Sounddesign - Applicable Sounds - Organic UI and Building Games SFX/UIMisc_Kalimba 3 Up_CB Sounddesign_APPlicable Sounds.wav
CB_Sounddesign	Applicable Sounds - Organic UI and Building Games SFX	UIMisc_Xylophone Ringtone 2_CB Sounddesign_APPlicable Sounds.wav	1.1	CB_Sounddesign - Applicable Sounds - Organic UI and Building Games SFX/UIMisc_Xylophone Ringtone 2_CB Sounddesign_APPlicable Sounds.wav
Cinematic Sound Design	Cartoon & Animation Vol 2	Cartoon Bubbles Short.wav	0.5	Cinematic Sound Design - Cartoon & Animation Vol 2/Cartoon Bubbles Short.wav
Cinematic Sound Design	Cartoon & Animation Vol 2	Cartoon Pull Swoosh Readout.wav	1.3	Cinematic Sound Design - Cartoon & Animation Vol 2/Cartoon Pull Swoosh Readout.wav
Cinematic Sound Design	Cartoon & Animation Vol 2	Cartoon Transition Bass Down.wav	1.9	Cinematic Sound Design - Cartoon & Animation Vol 2/Cartoon Transition Bass Down.wav
Cinematic Sound Design	Cartoon Bloopers	Arrow Hit Rattle.wav	0.6	Cinematic Sound Design - Cartoon Bloopers/Arrow Hit Rattle.wav
Cinematic Sound Design	Cartoon Bloopers	Cartoon Confused Dizzy.wav	0.8	Cinematic Sound Design - Cartoon Bloopers/Cartoon Confused Dizzy.wav
Cinematic Sound Design	Cartoon Bloopers	Character Elf It Shall Be Done.wav	0.3	Cinematic Sound Design - Cartoon Bloopers/Character Elf It Shall Be Done.wav
Cinematic Sound Design	Cartoon Impacts	Cartoon Airy Impact Creaks.wav	1.4	Cinematic Sound Design - Cartoon Impacts/Cartoon Airy Impact Creaks.wav
Cinematic Sound Design	Cartoon Impacts	Cartoon Pops Random Sequence Reverb.wav	0.8	Cinematic Sound Design - Cartoon Impacts/Cartoon Pops Random Sequence Reverb.wav
Cinematic Sound Design	Cartoon Impacts	Vibrato Impact Snap Spin Transition.wav	1.8	Cinematic Sound Design - Cartoon Impacts/Vibrato Impact Snap Spin Transition.wav
Cinematic Sound Design	Colossal Impacts	Impact Cut Sweep.wav	1.5	Cinematic Sound Design - Colossal Impacts/Impact Cut Sweep.wav
Cinematic Sound Design	Colossal Impacts	Transition Frantic Shaker Snap.wav	0.8	Cinematic Sound Design - Colossal Impacts/Transition Frantic Shaker Snap.wav
Cinematic Sound Design	Colossal Impacts	Woosh Debris.wav	1.3	Cinematic Sound Design - Colossal Impacts/Woosh Debris.wav
Cinematic Sound Design	Hybrid Game & UI Elements	Cofetti Whoosh Pluck Spill.wav	1.4	Cinematic Sound Design - Hybrid Game & UI Elements/Cofetti Whoosh Pluck Spill.wav
Cinematic Sound Design	Hybrid Game & UI Elements	Foley Coin Flip Single Fast.wav	0.5	Cinematic Sound Design - Hybrid Game & UI Elements/Foley Coin Flip Single Fast.wav
Cinematic Sound Design	Hybrid Game & UI Elements	Game Entry Happy Short.wav	0.5	Cinematic Sound Design - Hybrid Game & UI Elements/Game Entry Happy Short.wav
Cinematic Sound Design	Interface & Infographics	Interface Accept Glassy Snap.wav	0.2	Cinematic Sound Design - Interface & Infographics/Interface Accept Glassy Snap.wav
Cinematic Sound Design	Interface & Infographics	Interface Percussion Snap.wav	0.4	Cinematic Sound Design - Interface & Infographics/Interface Percussion Snap.wav
Cinematic Sound Design	Interface & Infographics	Interface Pop High Short.wav	0.4	Cinematic Sound Design - Interface & Infographics/Interface Pop High Short.wav
Cinematic Sound Design	Paper Foley	A4 Printing Paper Rattle Page Turn Tail.wav	0.7	Cinematic Sound Design - Paper Foley/A4 Printing Paper Rattle Page Turn Tail.wav
Cinematic Sound Design	Paper Foley	Encyclopedia Glossy Page Turn Muted.wav	0.3	Cinematic Sound Design - Paper Foley/Encyclopedia Glossy Page Turn Muted.wav
Cinematic Sound Design	Paper Foley	Newspaper Static Foley Rummage.wav	2.8	Cinematic Sound Design - Paper Foley/Newspaper Static Foley Rummage.wav
Cinematic Sound Design	Sci-Fi Drones	Dark Industrial Ambience.wav	17.2	Cinematic Sound Design - Sci-Fi Drones/Dark Industrial Ambience.wav
Cinematic Sound Design	Sci-Fi Drones	Psycho Glitched Screechy Tones Noise.wav	34.3	Cinematic Sound Design - Sci-Fi Drones/Psycho Glitched Screechy Tones Noise.wav
Cinematic Sound Design	Sci-Fi Drones	Roomtone Space Ship Interior Muted.wav	39.9	Cinematic Sound Design - Sci-Fi Drones/Roomtone Space Ship Interior Muted.wav
Cinematic Sound Design	System & UI Feedback Elements	Interface Arp Reveal Down Long.wav	0.6	Cinematic Sound Design - System & UI Feedback Elements/Interface Arp Reveal Down Long.wav
Cinematic Sound Design	System & UI Feedback Elements	Interface Deny Low Fat Dark.wav	0.4	Cinematic Sound Design - System & UI Feedback Elements/Interface Deny Low Fat Dark.wav
Cinematic Sound Design	System & UI Feedback Elements	Interface Sci-Fi Ping Down.wav	0.4	Cinematic Sound Design - System & UI Feedback Elements/Interface Sci-Fi Ping Down.wav
Cinematic Sound Design	UI Interaction Elements	Accept Boing Crunch.wav	0.5	Cinematic Sound Design - UI Interaction Elements/Accept Boing Crunch.wav
Cinematic Sound Design	UI Interaction Elements	Deny Muted.wav	0.4	Cinematic Sound Design - UI Interaction Elements/Deny Muted.wav
Cinematic Sound Design	UI Interaction Elements	Ting Coins.wav	0.6	Cinematic Sound Design - UI Interaction Elements/Ting Coins.wav
Cinematic Sound Design	Ultra Transitions & Impacts	Impact Hit Rapid Chord Reverb.wav	1.8	Cinematic Sound Design - Ultra Transitions & Impacts/Impact Hit Rapid Chord Reverb.wav
Cinematic Sound Design	Ultra Transitions & Impacts	Transition Braam Slow Dark Creepy.wav	2.5	Cinematic Sound Design - Ultra Transitions & Impacts/Transition Braam Slow Dark Creepy.wav
Cinematic Sound Design	Ultra Transitions & Impacts	Woosh Sweep Slide Infographics Basic.wav	0.3	Cinematic Sound Design - Ultra Transitions & Impacts/Woosh Sweep Slide Infographics Basic.wav
Cinematic Sound Design	User Interface	Button Arp Twinkle.wav	1.0	Cinematic Sound Design - User Interface/Button Arp Twinkle.wav
Cinematic Sound Design	User Interface	Interface Plucks Happy.wav	0.5	Cinematic Sound Design - User Interface/Interface Plucks Happy.wav
Cinematic Sound Design	User Interface	Readout Thin Long.wav	2.4	Cinematic Sound Design - User Interface/Readout Thin Long.wav
David Dumais Audio	Melee Weapons Sound Effects Pack 2	METLFric_SWING SCRAPE Swift Melee Weapon Swing With A Long Blade 14_DDUMAIS_MWP2.wav	5.4	David Dumais Audio - Melee Weapons Sound Effects Pack 2/METLFric_SWING SCRAPE Swift Melee Weapon Swing With A Long Blade 14_DDUMAIS_MWP2.wav
David Dumais Audio	Melee Weapons Sound Effects Pack 2	METLImpt_METAL SWING HIT Weapon Swing To Metallic Body Impact And Resonant Tail 01_DDUMAIS_MWP2.wav	5.7	David Dumais Audio - Melee Weapons Sound Effects Pack 2/METLImpt_METAL SWING HIT Weapon Swing To Metallic Body Impact And Resonant Tail 01_DDUMAIS_MWP2.wav
David Dumais Audio	Melee Weapons Sound Effects Pack 2	SWSH_SWING IMPACTS Quick Heavy Weapon Swing To Thud Impact Var 01_DDUMAIS_MWP2.wav	38.1	David Dumais Audio - Melee Weapons Sound Effects Pack 2/SWSH_SWING IMPACTS Quick Heavy Weapon Swing To Thud Impact Var 01_DDUMAIS_MWP2.wav
David Dumais Audio	Melee Weapons Sound Effects Pack 2	WEAPWhip_WHIP Snap Crack 05_DDUMAIS_MWP2.wav	4.9	David Dumais Audio - Melee Weapons Sound Effects Pack 2/WEAPWhip_WHIP Snap Crack 05_DDUMAIS_MWP2.wav
Epic Stock Media	AAA Game Character British Female Detective	HMNBrth_British Detective Breathing Vocal Female Idle Annoyed Breath Grunt_ESM_AAAGCBFD.wav	0.7	Epic Stock Media - AAA Game Character British Female Detective/HMNBrth_British Detective Breathing Vocal Female Idle Annoyed Breath Grunt_ESM_AAAGCBFD.wav
Epic Stock Media	AAA Game Character British Female Detective	VOXCry_British Detective Crying Vocal Female Low Energy Weep_ESM_AAAGCBFD.wav	1.6	Epic Stock Media - AAA Game Character British Female Detective/VOXCry_British Detective Crying Vocal Female Low Energy Weep_ESM_AAAGCBFD.wav
Epic Stock Media	AAA Game Character British Female Detective	VOXFem_British Detective Custom Lines Vocal Female In A World Of Lies And Deception Im The One They Turn To When They Need The Truth B_ESM_AAAGCBFD.wav	2.8	Epic Stock Media - AAA Game Character British Female Detective/VOXFem_British Detective Custom Lines Vocal Female In A World Of Lies And Deception Im The One They Turn To When They Need The Truth B_ESM_AAAGCBFD.wav
Epic Stock Media	AAA Game Character British Female Detective	VOXReac_British Detective Pain Vocal Female Dying High Grunt Breath_ESM_AAAGCBFD.wav	1.3	Epic Stock Media - AAA Game Character British Female Detective/VOXReac_British Detective Pain Vocal Female Dying High Grunt Breath_ESM_AAAGCBFD.wav
Epic Stock Media	AAA Game Character Police Officer	HMNBrth_Police Officer Gasp Vocal Male Shocked Alert 1.wav	0.4	Epic Stock Media - AAA Game Character Police Officer/HMNBrth_Police Officer Gasp Vocal Male Shocked Alert 1.wav
Epic Stock Media	AAA Game Character Police Officer	HMNCough_Police Officer Cough Vocal Male 11.wav	0.9	Epic Stock Media - AAA Game Character Police Officer/HMNCough_Police Officer Cough Vocal Male 11.wav
Epic Stock Media	AAA Game Character Police Officer	VOXLaff_Police Officer Laugh Vocal Male 1.wav	1.1	Epic Stock Media - AAA Game Character Police Officer/VOXLaff_Police Officer Laugh Vocal Male 1.wav
Epic Stock Media	AAA Game Character Police Officer	VOXMale_Police Officer Custom Lines Vocal Male Emergency Shots Fired Need Backup.wav	1.3	Epic Stock Media - AAA Game Character Police Officer/VOXMale_Police Officer Custom Lines Vocal Male Emergency Shots Fired Need Backup.wav
Epic Stock Media	Anime Game	DSGNMisc_Misc Monster Tentacle Modulated Creature Shadow Abstract Swept Wobble Lfo 02_ESM_AG.wav	1.6	Epic Stock Media - Anime Game/DSGNMisc_Misc Monster Tentacle Modulated Creature Shadow Abstract Swept Wobble Lfo 02_ESM_AG.wav
Epic Stock Media	Anime Game	DSGNStngr_Power Up Bright Positive Successful Light Saturation Crash Shimmer 05_ESM_AG.wav	1.4	Epic Stock Media - Anime Game/DSGNStngr_Power Up Bright Positive Successful Light Saturation Crash Shimmer 05_ESM_AG.wav
Epic Stock Media	Anime Game	EXPLDsgn_Explosion Small Blast Enemy Death Crunchy Boom Cartoon Noisy Crash Impact Delay 03_ESM_AG.wav	1.3	Epic Stock Media - Anime Game/EXPLDsgn_Explosion Small Blast Enemy Death Crunchy Boom Cartoon Noisy Crash Impact Delay 03_ESM_AG.wav
Epic Stock Media	Anime Game	FGHTImpt_Combat Punch Impact Light Hit Delay Crunchy Vintage Quick Smack 05_ESM_AG.wav	1.1	Epic Stock Media - Anime Game/FGHTImpt_Combat Punch Impact Light Hit Delay Crunchy Vintage Quick Smack 05_ESM_AG.wav
Epic Stock Media	Board Game - Sound Set Kit for Tabletop and Digital Games	GAMEBoard_Event Board Reset Organic Multiple Pieces Wood Small 02_ESM_BG.wav	0.7	Epic Stock Media - Board Game - Sound Set Kit for Tabletop and Digital Games/GAMEBoard_Event Board Reset Organic Multiple Pieces Wood Small 02_ESM_BG.wav
Epic Stock Media	Board Game - Sound Set Kit for Tabletop and Digital Games	GAMEBoard_Game Play Piece Action Organic Connect Dots Fall Bounce 04_ESM_BG.wav	0.2	Epic Stock Media - Board Game - Sound Set Kit for Tabletop and Digital Games/GAMEBoard_Game Play Piece Action Organic Connect Dots Fall Bounce 04_ESM_BG.wav
Epic Stock Media	Board Game - Sound Set Kit for Tabletop and Digital Games	PAPRHndl_Game Play Cards Dry Show Flip Toss Disgard Near 12_ESM_BG.wav	0.2	Epic Stock Media - Board Game - Sound Set Kit for Tabletop and Digital Games/PAPRHndl_Game Play Cards Dry Show Flip Toss Disgard Near 12_ESM_BG.wav
Epic Stock Media	Board Game - Sound Set Kit for Tabletop and Digital Games	UIClick_UI Button Analog Vintage Double Click Neutral Dry Press 11_ESM_BG.wav	0.5	Epic Stock Media - Board Game - Sound Set Kit for Tabletop and Digital Games/UIClick_UI Button Analog Vintage Double Click Neutral Dry Press 11_ESM_BG.wav
Epic Stock Media	Elemental Mutation Whooshes and Impacts	ELECMisc_Impact Electric Tonal Deep Movement Motion Hiss Glitch 01_ESM_EMWI.wav	2.4	Epic Stock Media - Elemental Mutation Whooshes and Impacts/ELECMisc_Impact Electric Tonal Deep Movement Motion Hiss Glitch 01_ESM_EMWI.wav
Epic Stock Media	Elemental Mutation Whooshes and Impacts	FIREWhsh_Whoosh Fire Deep Growl Monster Saturated Crisp 03_ESM_EMWI.wav	1.7	Epic Stock Media - Elemental Mutation Whooshes and Impacts/FIREWhsh_Whoosh Fire Deep Growl Monster Saturated Crisp 03_ESM_EMWI.wav
Epic Stock Media	Elemental Mutation Whooshes and Impacts	GLASMvmt_Whoosh Glass Crystal Fragments Sharp Shards Dry 05_ESM_EMWI.wav	1.8	Epic Stock Media - Elemental Mutation Whooshes and Impacts/GLASMvmt_Whoosh Glass Crystal Fragments Sharp Shards Dry 05_ESM_EMWI.wav
Epic Stock Media	Elemental Mutation Whooshes and Impacts	WATRImpt_Impact Water Deep Submerge Bubble Drown Ship Hit 05_ESM_EMWI.wav	1.6	Epic Stock Media - Elemental Mutation Whooshes and Impacts/WATRImpt_Impact Water Deep Submerge Bubble Drown Ship Hit 05_ESM_EMWI.wav
Epic Stock Media	Fake Advertisements and Radio Sound Effects Audio Construction Kit	COMStatic_Radio Ham Loop Static Hum Active Powered On Garbled Noise 01_ESM_FA.wav	13.0	Epic Stock Media - Fake Advertisements and Radio Sound Effects Audio Construction Kit/COMStatic_Radio Ham Loop Static Hum Active Powered On Garbled Noise 01_ESM_FA.wav
Epic Stock Media	Fake Advertisements and Radio Sound Effects Audio Construction Kit	VOXMale_Voice Wet Male Emergency Broadcast Announcement Dry War 01_ESM_FA.wav	8.9	Epic Stock Media - Fake Advertisements and Radio Sound Effects Audio Construction Kit/VOXMale_Voice Wet Male Emergency Broadcast Announcement Dry War 01_ESM_FA.wav
Epic Stock Media	Fantasy Game 2 - Sound Kit for Enchanted Realms	CLOTHFlp_Action Inventory Open Flip Cloth Canvas Bag Slide Light 02_ESM_FG2.wav	1.0	Epic Stock Media - Fantasy Game 2 - Sound Kit for Enchanted Realms/CLOTHFlp_Action Inventory Open Flip Cloth Canvas Bag Slide Light 02_ESM_FG2.wav
Epic Stock Media	Fantasy Game 2 - Sound Kit for Enchanted Realms	GAMEMisc_Source Card Tarot Deck Generic Neutral Dry Heavy Shuffle 01_ESM_FG2.wav	3.3	Epic Stock Media - Fantasy Game 2 - Sound Kit for Enchanted Realms/GAMEMisc_Source Card Tarot Deck Generic Neutral Dry Heavy Shuffle 01_ESM_FG2.wav
Epic Stock Media	Fantasy Game 2 - Sound Kit for Enchanted Realms	MAGAngl_Magic Light Spell Enchantment Potion Effect Tonal Bright 03_ESM_FG2.wav	3.4	Epic Stock Media - Fantasy Game 2 - Sound Kit for Enchanted Realms/MAGAngl_Magic Light Spell Enchantment Potion Effect Tonal Bright 03_ESM_FG2.wav
Epic Stock Media	Fantasy Game 2 - Sound Kit for Enchanted Realms	UIAlert_Collect Scifi Futuristic Electronic Bass Burst Sweep Heavy 04_ESM_FG2.wav	0.7	Epic Stock Media - Fantasy Game 2 - Sound Kit for Enchanted Realms/UIAlert_Collect Scifi Futuristic Electronic Bass Burst Sweep Heavy 04_ESM_FG2.wav
Epic Stock Media	Halloween Game - Haunted House and Horror Audio Scare Kit	CREABeast_Creature Werewolf Growl Menacing Monstrous 06_ESM_HALG.wav	3.5	Epic Stock Media - Halloween Game - Haunted House and Horror Audio Scare Kit/CREABeast_Creature Werewolf Growl Menacing Monstrous 06_ESM_HALG.wav
Epic Stock Media	Halloween Game - Haunted House and Horror Audio Scare Kit	DSGNEthr_Jumpscare Vocal Aggressive Whisper Harsh Distortion 02_ESM_HALG.wav	1.8	Epic Stock Media - Halloween Game - Haunted House and Horror Audio Scare Kit/DSGNEthr_Jumpscare Vocal Aggressive Whisper Harsh Distortion 02_ESM_HALG.wav
Epic Stock Media	Halloween Game - Haunted House and Horror Audio Scare Kit	GORESplt_Gore Designed Transient Heavy Impact Smash 01_ESM_HALG.wav	1.2	Epic Stock Media - Halloween Game - Haunted House and Horror Audio Scare Kit/GORESplt_Gore Designed Transient Heavy Impact Smash 01_ESM_HALG.wav
Epic Stock Media	Halloween Game - Haunted House and Horror Audio Scare Kit	UIAlert_Alert Designed Transition Swell Creature Strange Alien Layered 01_ESM_HALG.wav	3.6	Epic Stock Media - Halloween Game - Haunted House and Horror Audio Scare Kit/UIAlert_Alert Designed Transition Swell Creature Strange Alien Layered 01_ESM_HALG.wav
Epic Stock Media	HD Game Materials	ICEFric_Dry Ice High Metal Squeal Groan Bright Squeak Dissonant Short 13_ESM_HDGM.wav	2.6	Epic Stock Media - HD Game Materials/ICEFric_Dry Ice High Metal Squeal Groan Bright Squeak Dissonant Short 13_ESM_HDGM.wav
Epic Stock Media	HD Game Materials	ICEFric_Dry Ice Squeak Metal Animal Mouse Imitation Short 07_ESM_HDGM.wav	1.6	Epic Stock Media - HD Game Materials/ICEFric_Dry Ice Squeak Metal Animal Mouse Imitation Short 07_ESM_HDGM.wav
Epic Stock Media	HD Game Materials	METLImpt_Metal Old File Impact Tap Against Tire Iron Metallic Hit 01_ESM_HDGM.wav	0.7	Epic Stock Media - HD Game Materials/METLImpt_Metal Old File Impact Tap Against Tire Iron Metallic Hit 01_ESM_HDGM.wav
Epic Stock Media	HD Game Materials	WOODFric_Wood Shaker Microphone Head Roll Table Alternate Grainy 05_ESM_HDGM.wav	2.7	Epic Stock Media - HD Game Materials/WOODFric_Wood Shaker Microphone Head Roll Table Alternate Grainy 05_ESM_HDGM.wav
Epic Stock Media	HD Lock And Mechanism Sound Design Kit	MACHMech_Mechanism Counting Machine Interact Loose Container Short 01_ESM_HDLM.wav	0.4	Epic Stock Media - HD Lock And Mechanism Sound Design Kit/MACHMech_Mechanism Counting Machine Interact Loose Container Short 01_ESM_HDLM.wav
Epic Stock Media	HD Lock And Mechanism Sound Design Kit	MECHLtch_Click Deep Mechanism Latch Button Nearfield Thunk 02_ESM_HDLM.wav	0.6	Epic Stock Media - HD Lock And Mechanism Sound Design Kit/MECHLtch_Click Deep Mechanism Latch Button Nearfield Thunk 02_ESM_HDLM.wav
Epic Stock Media	HD Lock And Mechanism Sound Design Kit	MECHMisc_Tool Tape Measure Pull Retract Spring Slide Spin Long 07_ESM_HDLM.wav	3.7	Epic Stock Media - HD Lock And Mechanism Sound Design Kit/MECHMisc_Tool Tape Measure Pull Retract Spring Slide Spin Long 07_ESM_HDLM.wav
Epic Stock Media	HD Lock And Mechanism Sound Design Kit	METLTonl_Item Spring Wire Impact Flick Top Clatter Light Tap Roll Handling Short 01_ESM_HDLM.wav	12.8	Epic Stock Media - HD Lock And Mechanism Sound Design Kit/METLTonl_Item Spring Wire Impact Flick Top Clatter Light Tap Roll Handling Short 01_ESM_HDLM.wav
Epic Stock Media	Humanoid Creatures Vol 4 - Monstrous and Undead Creature Vocalization Sound Sets	CREAHmn_Designed Orc Male Attack Long Heavy Hit Charged Up 03_ESM_HC4.wav	1.9	Epic Stock Media - Humanoid Creatures Vol 4 - Monstrous and Undead Creature Vocalization Sound Sets/CREAHmn_Designed Orc Male Attack Long Heavy Hit Charged Up 03_ESM_HC4.wav
Epic Stock Media	Humanoid Creatures Vol 4 - Monstrous and Undead Creature Vocalization Sound Sets	CREAMnstr_Designed Sea Beast Creature Pain Intense Yell Long 04_ESM_HC4.wav	3.2	Epic Stock Media - Humanoid Creatures Vol 4 - Monstrous and Undead Creature Vocalization Sound Sets/CREAMnstr_Designed Sea Beast Creature Pain Intense Yell Long 04_ESM_HC4.wav
Epic Stock Media	Humanoid Creatures Vol 4 - Monstrous and Undead Creature Vocalization Sound Sets	HMNBrth_Construction Kit Male Screeching Breath Inhale Weak Squeal 05_ESM_HC4.wav	1.0	Epic Stock Media - Humanoid Creatures Vol 4 - Monstrous and Undead Creature Vocalization Sound Sets/HMNBrth_Construction Kit Male Screeching Breath Inhale Weak Squeal 05_ESM_HC4.wav
Epic Stock Media	Humanoid Creatures Vol 4 - Monstrous and Undead Creature Vocalization Sound Sets	VOXReac_Construction Kit Male Flutter Death Vocal Stuttered Long 05_ESM_HC4.wav	3.2	Epic Stock Media - Humanoid Creatures Vol 4 - Monstrous and Undead Creature Vocalization Sound Sets/VOXReac_Construction Kit Male Flutter Death Vocal Stuttered Long 05_ESM_HC4.wav
Epic Stock Media	Public Spaces - Basic Transportation Sounds	AEROInt_Airplane Interior Small Plane Cruise Altitude Calm Flight 01_ESM_CPS.wav	41.5	Epic Stock Media - Public Spaces - Basic Transportation Sounds/AEROInt_Airplane Interior Small Plane Cruise Altitude Calm Flight 01_ESM_CPS.wav
Epic Stock Media	Public Spaces - Basic Transportation Sounds	AMBTraf_Downtown Construction Traffic Light Walla 03 Distant Beep_ESM_CPS.wav	66.2	Epic Stock Media - Public Spaces - Basic Transportation Sounds/AMBTraf_Downtown Construction Traffic Light Walla 03 Distant Beep_ESM_CPS.wav
Epic Stock Media	Public Spaces - Basic Transportation Sounds	BOATMotr_Diesel Engine Boat Idle Steady Rpm Hum Motor Mic One 01_ESM_CPS.wav	14.4	Epic Stock Media - Public Spaces - Basic Transportation Sounds/BOATMotr_Diesel Engine Boat Idle Steady Rpm Hum Motor Mic One 01_ESM_CPS.wav
Epic Stock Media	Public Spaces - Basic Transportation Sounds	TRNElec_Electric Train Passby 02 Long Subway Slow_ESM_CPS.wav	25.1	Epic Stock Media - Public Spaces - Basic Transportation Sounds/TRNElec_Electric Train Passby 02 Long Subway Slow_ESM_CPS.wav
Epic Stock Media	Public Spaces - Crowds Walla and Everyday Ambiences	AMBPubl_Cruise Ship Walla Distant Adults Children Laughing Screaming 4_ESM_CPS.wav	77.4	Epic Stock Media - Public Spaces - Crowds Walla and Everyday Ambiences/AMBPubl_Cruise Ship Walla Distant Adults Children Laughing Screaming 4_ESM_CPS.wav
Epic Stock Media	Public Spaces - Crowds Walla and Everyday Ambiences	AMBPubl_Metro Station Entrance Hall Dings Walla Footsteps 01 Women Shopping_ESM_CPS.wav	46.1	Epic Stock Media - Public Spaces - Crowds Walla and Everyday Ambiences/AMBPubl_Metro Station Entrance Hall Dings Walla Footsteps 01 Women Shopping_ESM_CPS.wav
Epic Stock Media	Public Spaces - Crowds Walla and Everyday Ambiences	AMBWar_Paintball Match Firefight Shots Walla Nearfield Full 05_ESM_CPS.wav	44.2	Epic Stock Media - Public Spaces - Crowds Walla and Everyday Ambiences/AMBWar_Paintball Match Firefight Shots Walla Nearfield Full 05_ESM_CPS.wav
Epic Stock Media	Public Spaces - Crowds Walla and Everyday Ambiences	CRWDChld_Walla Children Kids Daytime School Playing Laughing Playground 01_ESM_CPS.wav	81.1	Epic Stock Media - Public Spaces - Crowds Walla and Everyday Ambiences/CRWDChld_Walla Children Kids Daytime School Playing Laughing Playground 01_ESM_CPS.wav
Epic Stock Media	Public Spaces - Storms Lakes Parks and Rural Nature Exteriors	AMBPark_Berlin City Humboldthain Park Strong Wind On Trees Foliage Traffic Wash 03_ESM_CPS.wav	82.5	Epic Stock Media - Public Spaces - Storms Lakes Parks and Rural Nature Exteriors/AMBPark_Berlin City Humboldthain Park Strong Wind On Trees Foliage Traffic Wash 03_ESM_CPS.wav
Epic Stock Media	Public Spaces - Storms Lakes Parks and Rural Nature Exteriors	STORM_Texas Rain Thunder Initial Crash Boom Storm 01 Clap Lightning_ESM_CPS.wav	72.6	Epic Stock Media - Public Spaces - Storms Lakes Parks and Rural Nature Exteriors/STORM_Texas Rain Thunder Initial Crash Boom Storm 01 Clap Lightning_ESM_CPS.wav
Epic Stock Media	Public Spaces - Storms Lakes Parks and Rural Nature Exteriors	WATRLap_Summer Tennessee Lake Dock Water Ripples Wake Wave Gentle 05 Distant_ESM_CPS.wav	56.7	Epic Stock Media - Public Spaces - Storms Lakes Parks and Rural Nature Exteriors/WATRLap_Summer Tennessee Lake Dock Water Ripples Wake Wave Gentle 05 Distant_ESM_CPS.wav
Epic Stock Media	Public Spaces - Urban Life Exteriors	AMBCnst_Baltimore Construction Streetside Heavy Machinery And Jakchammers 01_ESM_CPS.wav	60.5	Epic Stock Media - Public Spaces - Urban Life Exteriors/AMBCnst_Baltimore Construction Streetside Heavy Machinery And Jakchammers 01_ESM_CPS.wav
Epic Stock Media	Public Spaces - Urban Life Exteriors	AMBTown_City Courtyard Calm Street Distant Traffic Children Playing 03_ESM_CPS.wav	94.9	Epic Stock Media - Public Spaces - Urban Life Exteriors/AMBTown_City Courtyard Calm Street Distant Traffic Children Playing 03_ESM_CPS.wav
Epic Stock Media	Public Spaces - Urban Life Exteriors	AMBUrbn_City Nightlife Ext Street In Reutersplatz German Walla Traffic 01_ESM_CPS.wav	91.0	Epic Stock Media - Public Spaces - Urban Life Exteriors/AMBUrbn_City Nightlife Ext Street In Reutersplatz German Walla Traffic 01_ESM_CPS.wav
Epic Stock Media	Shooter Game Announcer Voice	VOXFutz_Announcer Vocal Male Wet Countdown Ten Kills Remaining 03_ESM_SGAV.wav	1.3	Epic Stock Media - Shooter Game Announcer Voice/VOXFutz_Announcer Vocal Male Wet Countdown Ten Kills Remaining 03_ESM_SGAV.wav
Epic Stock Media	Shooter Game Announcer Voice	VOXFutz_Announcer Vocal Male Wet Special Kill Laugh Monster Kill Hahaha 02_ESM_SGAV.wav	2.2	Epic Stock Media - Shooter Game Announcer Voice/VOXFutz_Announcer Vocal Male Wet Special Kill Laugh Monster Kill Hahaha 02_ESM_SGAV.wav
Epic Stock Media	Shooter Game Announcer Voice	VOXMale_Announcer Vocal Male Dry Game Statement Objective Completed 04_ESM_SGAV.wav	0.8	Epic Stock Media - Shooter Game Announcer Voice/VOXMale_Announcer Vocal Male Dry Game Statement Objective Completed 04_ESM_SGAV.wav
Epic Stock Media	Shooter Game Announcer Voice	VOXMale_Announcer Vocal Male Dry Special Kill Headshot 01_ESM_SGAV.wav	0.8	Epic Stock Media - Shooter Game Announcer Voice/VOXMale_Announcer Vocal Male Dry Special Kill Headshot 01_ESM_SGAV.wav
Epic Stock Media	Strange Game Ambient Loops 3	AMBRoom_Factory Loop Heavy Machinery Tonal Roomtone Dark Wind Vent_ESM_SGA3.wav	32.8	Epic Stock Media - Strange Game Ambient Loops 3/AMBRoom_Factory Loop Heavy Machinery Tonal Roomtone Dark Wind Vent_ESM_SGA3.wav
Epic Stock Media	Strange Game Ambient Loops 3	DSGNSynth_Dark Loop Mystic Forest Tonal Steady Synth_ESM_SGA3.wav	33.3	Epic Stock Media - Strange Game Ambient Loops 3/DSGNSynth_Dark Loop Mystic Forest Tonal Steady Synth_ESM_SGA3.wav
Epic Stock Media	Strange Game Ambient Loops 3	DSGNSynth_Scifi Loop Ship Reactor Synth Layer Layered Saw Buzz_ESM_SGA3.wav	33.5	Epic Stock Media - Strange Game Ambient Loops 3/DSGNSynth_Scifi Loop Ship Reactor Synth Layer Layered Saw Buzz_ESM_SGA3.wav
Epic Stock Media	Strange Game Ambient Loops 3	MAGShim_Shimmer Loop Small Bell Metal Taps_ESM_SGA3.wav	25.0	Epic Stock Media - Strange Game Ambient Loops 3/MAGShim_Shimmer Loop Small Bell Metal Taps_ESM_SGA3.wav
Epic Stock Media	Synthesized Nature Loops and Sounds	AMBTrop_Loop Ambience Jungle Night Humid Birds Bug Chirps 01_ESM_SNLS.wav	22.9	Epic Stock Media - Synthesized Nature Loops and Sounds/AMBTrop_Loop Ambience Jungle Night Humid Birds Bug Chirps 01_ESM_SNLS.wav
Epic Stock Media	Synthesized Nature Loops and Sounds	ANMLAmph_Animal Frog Echo Short Squished Frequency Formant 03_ESM_SNLS.wav	1.0	Epic Stock Media - Synthesized Nature Loops and Sounds/ANMLAmph_Animal Frog Echo Short Squished Frequency Formant 03_ESM_SNLS.wav
Epic Stock Media	Synthesized Nature Loops and Sounds	FIREBurn_Loop Elements Fire Crackling Crunchy Flame Burn 03_ESM_SNLS.wav	3.7	Epic Stock Media - Synthesized Nature Loops and Sounds/FIREBurn_Loop Elements Fire Crackling Crunchy Flame Burn 03_ESM_SNLS.wav
Epic Stock Media	Synthesized Nature Loops and Sounds	WINDInt_Loop Weather Wind Whipping Constricted Flow Turbulent 01_ESM_SNLS.wav	4.5	Epic Stock Media - Synthesized Nature Loops and Sounds/WINDInt_Loop Weather Wind Whipping Constricted Flow Turbulent 01_ESM_SNLS.wav
Epic Stock Media	Tower Defense Game	DSGNStngr_Action Deploy Units Sword Slice Special Move Layered Swish 04_ESM_TDG.wav	4.5	Epic Stock Media - Tower Defense Game/DSGNStngr_Action Deploy Units Sword Slice Special Move Layered Swish 04_ESM_TDG.wav
Epic Stock Media	Tower Defense Game	ICEBrk_Skill Freeze Whoosh Break Impact Layered Movement Shatter 03_ESM_TDG.wav	4.5	Epic Stock Media - Tower Defense Game/ICEBrk_Skill Freeze Whoosh Break Impact Layered Movement Shatter 03_ESM_TDG.wav
Epic Stock Media	Tower Defense Game	ROBTMvmt_Tower Deploy Hitech Robot Motor Dark Thump Servo Whine 04_ESM_TDG.wav	3.7	Epic Stock Media - Tower Defense Game/ROBTMvmt_Tower Deploy Hitech Robot Motor Dark Thump Servo Whine 04_ESM_TDG.wav
Epic Stock Media	Tower Defense Game	WOODImpt_Hit Blood Spill Splat Wood Impact Light Hit Squelch Small Thump 03_ESM_TDG.wav	3.3	Epic Stock Media - Tower Defense Game/WOODImpt_Hit Blood Spill Splat Wood Impact Light Hit Squelch Small Thump 03_ESM_TDG.wav
Federico Soler	Effective Trailer Alarms Vol. 2	EffectiveTrailer_Alarms_Vol2_HalfNotes_003.wav	8.2	Federico Soler - Effective Trailer Alarms Vol. 2/EffectiveTrailer_Alarms_Vol2_HalfNotes_003.wav
Federico Soler	Effective Trailer Alarms Vol. 2	EffectiveTrailer_Alarms_Vol2_QuarterNotes_013.wav	8.2	Federico Soler - Effective Trailer Alarms Vol. 2/EffectiveTrailer_Alarms_Vol2_QuarterNotes_013.wav
Federico Soler	Effective Trailer Alarms Vol. 2	EffectiveTrailer_Alarms_Vol2_WholeNotes_011.wav	8.2	Federico Soler - Effective Trailer Alarms Vol. 2/EffectiveTrailer_Alarms_Vol2_WholeNotes_011.wav
Federico Soler	Effective Trailer Booms Vol. 2	EffectiveTrailer_Booms_Vol2_011.wav	9.5	Federico Soler - Effective Trailer Booms Vol. 2/EffectiveTrailer_Booms_Vol2_011.wav
Federico Soler	Effective Trailer Booms Vol. 2	EffectiveTrailer_Booms_Vol2_075.wav	8.5	Federico Soler - Effective Trailer Booms Vol. 2/EffectiveTrailer_Booms_Vol2_075.wav
Federico Soler	Effective Trailer Booms Vol. 2	EffectiveTrailer_Booms_Vol2_214.wav	8.9	Federico Soler - Effective Trailer Booms Vol. 2/EffectiveTrailer_Booms_Vol2_214.wav
InMotionAudio	Arc	ELECArc_ArcDesign15_InMotionAudio_Arc.wav	0.6	InMotionAudio - Arc/ELECArc_ArcDesign15_InMotionAudio_Arc.wav
InMotionAudio	Arc	ELECArc_ArcPowerUpDesign04_InMotionAudio_Arc.wav	4.1	InMotionAudio - Arc/ELECArc_ArcPowerUpDesign04_InMotionAudio_Arc.wav
InMotionAudio	Arc	ELECBuzz_Buzz27_InMotionAudio_Arc.wav	5.4	InMotionAudio - Arc/ELECBuzz_Buzz27_InMotionAudio_Arc.wav
InMotionAudio	Back Garden Storm	STORM_StormAmbience11_InMotionAudio_BackGardenStorm.wav	113.4	InMotionAudio - Back Garden Storm/STORM_StormAmbience11_InMotionAudio_BackGardenStorm.wav
InMotionAudio	Back Garden Storm	STORM_StormAmbience13_InMotionAudio_BackGardenStorm.wav	83.2	InMotionAudio - Back Garden Storm/STORM_StormAmbience13_InMotionAudio_BackGardenStorm.wav
InMotionAudio	Car Interior Driving Ambience	VEHCar_TownDrivingAmbience06_InMotionAudio_CarInteriorDrivingAmbience.wav	28.4	InMotionAudio - Car Interior Driving Ambience/VEHCar_TownDrivingAmbience06_InMotionAudio_CarInteriorDrivingAmbience.wav
InMotionAudio	Car Interior Driving Ambience	VEHCar_TownDrivingAmbience13_InMotionAudio_CarInteriorDrivingAmbience.wav	30.9	InMotionAudio - Car Interior Driving Ambience/VEHCar_TownDrivingAmbience13_InMotionAudio_CarInteriorDrivingAmbience.wav
InMotionAudio	Chimney Wind	WINDInt_ChimneyWind05_InMotionAudio_ChimneyWind.wav	63.7	InMotionAudio - Chimney Wind/WINDInt_ChimneyWind05_InMotionAudio_ChimneyWind.wav
InMotionAudio	Christmas Cracker	OBJMisc_CrackerHatMovement16_InMotionAudio_ChristmasCracker.wav	0.9	InMotionAudio - Christmas Cracker/OBJMisc_CrackerHatMovement16_InMotionAudio_ChristmasCracker.wav
InMotionAudio	Christmas Cracker	OBJMisc_CrackerPull_WithBang_Effected_03_InMotionAudio_ChristmasCracker.wav	0.3	InMotionAudio - Christmas Cracker/OBJMisc_CrackerPull_WithBang_Effected_03_InMotionAudio_ChristmasCracker.wav
InMotionAudio	Christmas Cracker	OBJMisc_Cracker_Grab02_InMotionAudio_ChristmasCracker.wav	0.4	InMotionAudio - Christmas Cracker/OBJMisc_Cracker_Grab02_InMotionAudio_ChristmasCracker.wav
InMotionAudio	Foley T-Shirt	FOLYClth_ClothMovement24_InMotionAudio_FoleyT-Shirt.wav	1.3	InMotionAudio - Foley T-Shirt/FOLYClth_ClothMovement24_InMotionAudio_FoleyT-Shirt.wav
InMotionAudio	Foley T-Shirt	FOLYClth_ClothMovement29_InMotionAudio_FoleyT-Shirt.wav	0.8	InMotionAudio - Foley T-Shirt/FOLYClth_ClothMovement29_InMotionAudio_FoleyT-Shirt.wav
InMotionAudio	Foley T-Shirt	FOLYClth_SinglePats04_InMotionAudio_FoleyT-Shirt.wav	0.3	InMotionAudio - Foley T-Shirt/FOLYClth_SinglePats04_InMotionAudio_FoleyT-Shirt.wav
InMotionAudio	Grand Central Station	AMBTran_MainHallAmbience03B_InMotionAudio_GrandCentralStation.wav	107.3	InMotionAudio - Grand Central Station/AMBTran_MainHallAmbience03B_InMotionAudio_GrandCentralStation.wav
InMotionAudio	Grand Central Station	VOXFutz_TannoyAnnouncement_MainHall08_InMotionAudio_GrandCentralStation.wav	7.5	InMotionAudio - Grand Central Station/VOXFutz_TannoyAnnouncement_MainHall08_InMotionAudio_GrandCentralStation.wav
InMotionAudio	Instrument Case	OBJLug_CaseDown_Concrete12_InMotionAudio_InstrumentCase.wav	0.8	InMotionAudio - Instrument Case/OBJLug_CaseDown_Concrete12_InMotionAudio_InstrumentCase.wav
InMotionAudio	Instrument Case	OBJLug_Case_Closed06_InMotionAudio_InstrumentCase.wav	0.5	InMotionAudio - Instrument Case/OBJLug_Case_Closed06_InMotionAudio_InstrumentCase.wav
InMotionAudio	Instrument Case	OBJLug_Handle_Movement15_InMotionAudio_InstrumentCase.wav	0.6	InMotionAudio - Instrument Case/OBJLug_Handle_Movement15_InMotionAudio_InstrumentCase.wav
InMotionAudio	Medical Thermometer	BEEPMed_Thermometer_Beep11_InMotionAudio_MedicalThermometer.wav	0.1	InMotionAudio - Medical Thermometer/BEEPMed_Thermometer_Beep11_InMotionAudio_MedicalThermometer.wav
InMotionAudio	Medical Thermometer	ELECEmf_Thermometer02_InMotionAudio_MedicalThermometer.wav	0.9	InMotionAudio - Medical Thermometer/ELECEmf_Thermometer02_InMotionAudio_MedicalThermometer.wav
InMotionAudio	Medical Thermometer	MACHMed_Thermometer_ButtonPress_Beep03_InMotionAudio_MedicalThermometer.wav	0.8	InMotionAudio - Medical Thermometer/MACHMed_Thermometer_ButtonPress_Beep03_InMotionAudio_MedicalThermometer.wav
InMotionAudio	Saxophone	MUSCInst_Case_SaxPlace09_InMotionAudio_Saxophone.wav	0.3	InMotionAudio - Saxophone/MUSCInst_Case_SaxPlace09_InMotionAudio_Saxophone.wav
InMotionAudio	Saxophone	MUSCInst_Grabandrelease30_InMotionAudio_Saxophone.wav	0.8	InMotionAudio - Saxophone/MUSCInst_Grabandrelease30_InMotionAudio_Saxophone.wav
InMotionAudio	Saxophone	MUSCInst_KeyPress64_InMotionAudio_Saxophone.wav	0.3	InMotionAudio - Saxophone/MUSCInst_KeyPress64_InMotionAudio_Saxophone.wav
InMotionAudio	Scratch Card	OBJMisc_ScratchCard_CardMovement_09_InMotionAudio_ScratchCard.wav	1.4	InMotionAudio - Scratch Card/OBJMisc_ScratchCard_CardMovement_09_InMotionAudio_ScratchCard.wav
InMotionAudio	Scratch Card	OBJMisc_ScratchCard_CoinTapScratch_01_InMotionAudio_ScratchCard.wav	0.6	InMotionAudio - Scratch Card/OBJMisc_ScratchCard_CoinTapScratch_01_InMotionAudio_ScratchCard.wav
InMotionAudio	Scratch Card	OBJMisc_ScratchCard_SurfaceWipe_04_InMotionAudio_ScratchCard.wav	0.6	InMotionAudio - Scratch Card/OBJMisc_ScratchCard_SurfaceWipe_04_InMotionAudio_ScratchCard.wav
InMotionAudio	Sinister Textures 4	DSGNErie_NoiseBoxHit_10_InMotionAudio_SinisterTextures4.wav	8.3	InMotionAudio - Sinister Textures 4/DSGNErie_NoiseBoxHit_10_InMotionAudio_SinisterTextures4.wav
InMotionAudio	Sinister Textures 4	DSGNErie_NoiseBoxHit_36_InMotionAudio_SinisterTextures4.wav	7.7	InMotionAudio - Sinister Textures 4/DSGNErie_NoiseBoxHit_36_InMotionAudio_SinisterTextures4.wav
InMotionAudio	Sinister Textures 5	GOREMisc_Cladding_NailScratch19_InMotionAudio_SinisterTextures5.wav	0.5	InMotionAudio - Sinister Textures 5/GOREMisc_Cladding_NailScratch19_InMotionAudio_SinisterTextures5.wav
InMotionAudio	Sinister Textures 5	GOREMisc_Cladding_Scratch06_InMotionAudio_SinisterTextures5.wav	0.9	InMotionAudio - Sinister Textures 5/GOREMisc_Cladding_Scratch06_InMotionAudio_SinisterTextures5.wav
InMotionAudio	Sinister Textures 5	GOREMisc_Concrete_MetalPipe02_InMotionAudio_SinisterTextures5.wav	0.2	InMotionAudio - Sinister Textures 5/GOREMisc_Concrete_MetalPipe02_InMotionAudio_SinisterTextures5.wav
InMotionAudio	The Commute	AMBTran_TrainInterior09_InMotionAudio_UKTrainInteriorAmbience.wav	35.4	InMotionAudio - The Commute/AMBTran_TrainInterior09_InMotionAudio_UKTrainInteriorAmbience.wav
InMotionAudio	The Commute	AMBTran_TrainInterior12_InMotionAudio_UKTrainInteriorAmbience.wav	56.1	InMotionAudio - The Commute/AMBTran_TrainInterior12_InMotionAudio_UKTrainInteriorAmbience.wav
InMotionAudio	The Death Whistle	CREAEthr_Aztec Death Whistle Distortion_02_IMA_Death Whistle Samples.wav	1.0	InMotionAudio - The Death Whistle/CREAEthr_Aztec Death Whistle Distortion_02_IMA_Death Whistle Samples.wav
InMotionAudio	The Death Whistle	CREAEthr_Aztec Death Whistle Drone_05_IMA_Death Whistle Samples.wav	10.7	InMotionAudio - The Death Whistle/CREAEthr_Aztec Death Whistle Drone_05_IMA_Death Whistle Samples.wav
InMotionAudio	The Death Whistle	CREAEthr_Aztec Death Whistle DryPitch12_IMA_Death Whistle Samples.wav	0.9	InMotionAudio - The Death Whistle/CREAEthr_Aztec Death Whistle DryPitch12_IMA_Death Whistle Samples.wav
InMotionAudio	USA Hotel	DOORMetl_StairWellDoor01_InMotionAudio_USAHotel.wav	3.6	InMotionAudio - USA Hotel/DOORMetl_StairWellDoor01_InMotionAudio_USAHotel.wav
InMotionAudio	USA Hotel	MECHClik_USALightSwitch_On05_InMotionAudio_USAHotel.wav	0.1	InMotionAudio - USA Hotel/MECHClik_USALightSwitch_On05_InMotionAudio_USAHotel.wav
InMotionAudio	USA Hotel	WATRPlmb_ToiletFlush01_InMotionAudio_USAHotel.wav	5.5	InMotionAudio - USA Hotel/WATRPlmb_ToiletFlush01_InMotionAudio_USAHotel.wav
InMotionAudio	Velcro	OBJTape_VelcroRip29_InMotionAudio_Velcro.wav	0.2	InMotionAudio - Velcro/OBJTape_VelcroRip29_InMotionAudio_Velcro.wav
InMotionAudio	Velcro	OBJTape_VelcroSqueeze01_InMotionAudio_Velcro.wav	3.7	InMotionAudio - Velcro/OBJTape_VelcroSqueeze01_InMotionAudio_Velcro.wav
InMotionAudio	Washing Basket Foley	FOLYMisc_WashingBasket_Pats&Movement12_InMotionAudio_WashingBasketFoley.wav	2.8	InMotionAudio - Washing Basket Foley/FOLYMisc_WashingBasket_Pats&Movement12_InMotionAudio_WashingBasketFoley.wav
InMotionAudio	Washing Basket Foley	FOLYMisc_WashingBasket_Pats&Movement43_InMotionAudio_WashingBasketFoley.wav	1.0	InMotionAudio - Washing Basket Foley/FOLYMisc_WashingBasket_Pats&Movement43_InMotionAudio_WashingBasketFoley.wav
Ivo Vicic	Campfire - Bonfire FX	24 Campfire, Dropping Fresh Pine Branches in Fire, Crackling, Sizzling Strong, Close 02.wav	66.2	Ivo Vicic - Campfire - Bonfire FX/24 Campfire, Dropping Fresh Pine Branches in Fire, Crackling, Sizzling Strong, Close 02.wav
Ivo Vicic	Campfire - Bonfire FX	42 Campfire, Putting Out Fire, Water from Bottle, Variation, Close.wav	17.0	Ivo Vicic - Campfire - Bonfire FX/42 Campfire, Putting Out Fire, Water from Bottle, Variation, Close.wav
Ivo Vicic	Campfire FX - Ambisonic	Camp fire, crackling, putting oil in fire, close, night_B-format, Ambix.wav	84.1	Ivo Vicic - Campfire FX - Ambisonic/Camp fire, crackling, putting oil in fire, close, night_B-format, Ambix.wav
Ivo Vicic	Church Bells	04 Church Bells, Near Distance, In Church Tower-3 Different Bell 02.wav	38.5	Ivo Vicic - Church Bells/04 Church Bells, Near Distance, In Church Tower-3 Different Bell 02.wav
Ivo Vicic	Church Bells	25 Church Bells, Far Distance, Rural Soundscape Distant, Hills Ridge, Spring 02.wav	24.9	Ivo Vicic - Church Bells/25 Church Bells, Far Distance, Rural Soundscape Distant, Hills Ridge, Spring 02.wav
Ivo Vicic	Fireworks FX	02 Fireworks_ explosions_dense_whistles.wav	53.6	Ivo Vicic - Fireworks FX/02 Fireworks_ explosions_dense_whistles.wav
Ivo Vicic	Fireworks FX	13 Fireworks_powerful explosions_multiples in a row_near.wav	13.3	Ivo Vicic - Fireworks FX/13 Fireworks_powerful explosions_multiples in a row_near.wav
Jake Fielding	British Walla and Crowd	CRWDWalla_Pub Walla Atmos, Restaurant, Liverpool, Scouse,_Jake Fielding_11.wav	56.2	Jake Fielding - British Walla and Crowd/CRWDWalla_Pub Walla Atmos, Restaurant, Liverpool, Scouse,_Jake Fielding_11.wav
Jake Fielding	British Walla and Crowd	CRWDWalla_Pub Walla, Crowd, Bar, _Jake Fielding_British Walla and Crowd_14.wav	65.0	Jake Fielding - British Walla and Crowd/CRWDWalla_Pub Walla, Crowd, Bar, _Jake Fielding_British Walla and Crowd_14.wav
Jake Fielding	Cinematic Horn Braams	DSGNBram____Cinematic Horn Braam, Epic, Cinematic, Dark, Instrument, Huge-32.wav	12.6	Jake Fielding - Cinematic Horn Braams/DSGNBram____Cinematic Horn Braam, Epic, Cinematic, Dark, Instrument, Huge-32.wav
Jake Fielding	Cinematic Horn Braams	DSGNBram____Cinematic Horn Braam, Epic, Cinematic, Dark, Instrument, Huge-67.wav	11.1	Jake Fielding - Cinematic Horn Braams/DSGNBram____Cinematic Horn Braam, Epic, Cinematic, Dark, Instrument, Huge-67.wav
Jake Fielding	Fridge Hums Vol.2	MACHAppl_Deep Fridge Hum, Buzz, Electric Tone, Deep_Jake Fielding_Fridge Hums Pt2.wav	73.5	Jake Fielding - Fridge Hums Vol.2/MACHAppl_Deep Fridge Hum, Buzz, Electric Tone, Deep_Jake Fielding_Fridge Hums Pt2.wav
Jake Fielding	Fridge Hums Vol.2	MACHAppl_Rhythmic Electric Fridge Hum, Buzz, Static,_Jake Fielding_Fridge Hums Pt2.wav	31.7	Jake Fielding - Fridge Hums Vol.2/MACHAppl_Rhythmic Electric Fridge Hum, Buzz, Static,_Jake Fielding_Fridge Hums Pt2.wav
Jake Fielding	Interior Wind Rain and Storms	HAIL_Hail on Door Window, UVPC_JF_INT Storm.wav	36.4	Jake Fielding - Interior Wind Rain and Storms/HAIL_Hail on Door Window, UVPC_JF_INT Storm.wav
Jake Fielding	Interior Wind Rain and Storms	RAINInt_Heavy Rain on Window,  Constant _JF_INT Storm.wav	17.0	Jake Fielding - Interior Wind Rain and Storms/RAINInt_Heavy Rain on Window,  Constant _JF_INT Storm.wav
Jake Fielding	Interior Wind Rain and Storms	THUN_Interior Thunder Rumble_JF_INT Storm_01.wav	10.3	Jake Fielding - Interior Wind Rain and Storms/THUN_Interior Thunder Rumble_JF_INT Storm_01.wav
Just Sound Effects	Highlands of Norway	AMBSwmp_Meadow Pipits calling many Insects humming Wind blowing through Grass_JSE_HoN_Stereo.wav	48.2	Just Sound Effects - Highlands of Norway/AMBSwmp_Meadow Pipits calling many Insects humming Wind blowing through Grass_JSE_HoN_Stereo.wav
Just Sound Effects	Highlands of Norway	WATRLap_Small Waves sloshing onto Rock Slabs at huge Glacial Lake _JSE_HoN_Quad.wav	101.7	Just Sound Effects - Highlands of Norway/WATRLap_Small Waves sloshing onto Rock Slabs at huge Glacial Lake _JSE_HoN_Quad.wav
Just Sound Effects	Rocky Coast of Norway	WATRWave_Medium Waves at Pebble Beach_JSE_RCoN_Stereo.wav	108.2	Just Sound Effects - Rocky Coast of Norway/WATRWave_Medium Waves at Pebble Beach_JSE_RCoN_Stereo.wav
Just Sound Effects	Rocky Coast of Norway	WATRWave_Soft Waves Cliffs_JSE_RCoN_Stereo.wav	138.9	Just Sound Effects - Rocky Coast of Norway/WATRWave_Soft Waves Cliffs_JSE_RCoN_Stereo.wav
Sonic Bat	Bars & Restaurants Ambience	SBbra_Bar E 001.wav	342.2	Sonic Bat - Bars & Restaurants Ambience/SBbra_Bar E 001.wav
Sonic Bat	Bars & Restaurants Ambience	SBbra_Shopping Mall Food Court B 001.wav	373.5	Sonic Bat - Bars & Restaurants Ambience/SBbra_Shopping Mall Food Court B 001.wav
Sonic Bat	Fireworks Ambience	SBfa_Distant Fireworks 005.wav	157.6	Sonic Bat - Fireworks Ambience/SBfa_Distant Fireworks 005.wav
Sonic Bat	Fireworks Ambience	SBfa_Fireworks 001.wav	24.7	Sonic Bat - Fireworks Ambience/SBfa_Fireworks 001.wav
Sonic Bat	Music Boxes	SBmb_Music Box A 013.wav	2.1	Sonic Bat - Music Boxes/SBmb_Music Box A 013.wav
Sonic Bat	Music Boxes	SBmb_Music Box B 028.wav	1.9	Sonic Bat - Music Boxes/SBmb_Music Box B 028.wav
Sonic Bat	Music Boxes	SBmb_Music Box C 059.wav	2.0	Sonic Bat - Music Boxes/SBmb_Music Box C 059.wav
Sonic Bat	Music Boxes	SBmb_Music Box C Wind Up 006.wav	1.2	Sonic Bat - Music Boxes/SBmb_Music Box C Wind Up 006.wav
Sonic Bat	Stormy Night Ambience	SBsna_City Block Square Storm 003.wav	67.3	Sonic Bat - Stormy Night Ambience/SBsna_City Block Square Storm 003.wav
Sonic Bat	Swimming Pool Ambience	SBspa_Water Polo Feminine League Match Presentation 001.wav	136.1	Sonic Bat - Swimming Pool Ambience/SBspa_Water Polo Feminine League Match Presentation 001.wav
Sonic Bat	Swimming Pool Ambience	SBspa_Water Polo Masculine League Break 001.wav	60.6	Sonic Bat - Swimming Pool Ambience/SBspa_Water Polo Masculine League Break 001.wav
Sonic Bat	Vintage Radio	SBvr_AM EQ Sweeping 002.wav	74.9	Sonic Bat - Vintage Radio/SBvr_AM EQ Sweeping 002.wav
Sonic Bat	Vintage Radio	SBvr_Mode Select Wheel 006.wav	0.9	Sonic Bat - Vintage Radio/SBvr_Mode Select Wheel 006.wav
Sonic Bat	Vintage Radio	SBvr_Power Button 003.wav	0.6	Sonic Bat - Vintage Radio/SBvr_Power Button 003.wav
Sonic Bat	Volleyball Match Ambience	SBvma_Feminine League Match 017.wav	93.0	Sonic Bat - Volleyball Match Ambience/SBvma_Feminine League Match 017.wav
Sonic Bat	Volleyball Match Ambience	SBvma_Masculine Regional Match 005.wav	213.5	Sonic Bat - Volleyball Match Ambience/SBvma_Masculine Regional Match 005.wav
Sonik Sound Library	Spanish Crowds	CRWDCheer_Small Club, 50 People, Crowd, Spanish, Cheering and Applause-Surround_KSL_KS015.wav	22.4	Sonik Sound Library - Spanish Crowds/CRWDCheer_Small Club, 50 People, Crowd, Spanish, Cheering and Applause-Surround_KSL_KS015.wav
Sonik Sound Library	Spanish Crowds	CRWDWalla_Crowd, Walla, Movement, 30 People Working Film Crew, Preparing a Movie Set in a Warehouse, Spanish Hum of Voice, Decor Mount, Ladders, Warning Alarm, Light Contruction-Stereo_KSL_KS015.wav	82.5	Sonik Sound Library - Spanish Crowds/CRWDWalla_Crowd, Walla, Movement, 30 People Working Film Crew, Preparing a Movie Set in a Warehouse, Spanish Hum of Voice, Decor Mount, Ladders, Warning Alarm, Light Contruction-Stereo_KSL_KS015.wav
Sonik Sound Library	Spanish Wallas	CRWDWalla_Crowd, Walla, Dense Immersive Group of Adults, After or Befor a Show, Exterior, Spanish-Stereo_KSL_KS014.wav	18.8	Sonik Sound Library - Spanish Wallas/CRWDWalla_Crowd, Walla, Dense Immersive Group of Adults, After or Befor a Show, Exterior, Spanish-Stereo_KSL_KS014.wav
Sonik Sound Library	Spanish Wallas	CRWDWalla_Dinner Party Crowd in Terrace, Walla, Toast with Pomada, Mixed Group of Adults, Men and Women, Spanish, Catalan Language, Menorcan Language-Atmos_KSL_KS014.wav	106.9	Sonik Sound Library - Spanish Wallas/CRWDWalla_Dinner Party Crowd in Terrace, Walla, Toast with Pomada, Mixed Group of Adults, Men and Women, Spanish, Catalan Language, Menorcan Language-Atmos_KSL_KS014.wav
Sonik Sound Library	Toy Quadcopter	AERORadio_Quadcopter, Toy, Flying Sustained Close to Mic_KSL_KS013.wav	6.2	Sonik Sound Library - Toy Quadcopter/AERORadio_Quadcopter, Toy, Flying Sustained Close to Mic_KSL_KS013.wav
Sonik Sound Library	Toy Quadcopter	AERORadio_Quadcopter, Toy, Turn On, Turn Off, Syncing, Calibrate, Beeps_KSL_KS013.wav	3.4	Sonik Sound Library - Toy Quadcopter/AERORadio_Quadcopter, Toy, Turn On, Turn Off, Syncing, Calibrate, Beeps_KSL_KS013.wav
Sonik Sound Library	Urban Life	AMBTown_Ambience, Big Town, Streets, Valdemoro, Spain, Daytime, Brush Cutter, Far Traffica, Airplanes, People Activity, Spanish Voices-Stereo_KSL_KS016.wav	38.3	Sonik Sound Library - Urban Life/AMBTown_Ambience, Big Town, Streets, Valdemoro, Spain, Daytime, Brush Cutter, Far Traffica, Airplanes, People Activity, Spanish Voices-Stereo_KSL_KS016.wav
Sonik Sound Library	Urban Life	AMBUrbn_Ambience, City, Madrid, Spain, Soft Traffic and Human Activity, Some Birds-Surround_KSL_KS016.wav	146.5	Sonik Sound Library - Urban Life/AMBUrbn_Ambience, City, Madrid, Spain, Soft Traffic and Human Activity, Some Birds-Surround_KSL_KS016.wav
SoundBits	Cars - Mad Mustang Mercury	VEHCar_Various Driving at Slow Speed 15 06_SNDBTS_CRS-MMM.wav	7.9	SoundBits - Cars - Mad Mustang Mercury/VEHCar_Various Driving at Slow Speed 15 06_SNDBTS_CRS-MMM.wav
SoundBits	Cars - Mad Mustang Mercury	VEHDoor_Car Foley Car Door Open and Close Exterior 04 Perspective A_SNDBTS_CRS-MMM.wav	0.8	SoundBits - Cars - Mad Mustang Mercury/VEHDoor_Car Foley Car Door Open and Close Exterior 04 Perspective A_SNDBTS_CRS-MMM.wav
SoundBits	Cars - Mad Mustang Mercury	VEHMech_Car Foey Gas and Brakes Pedals 08 B_SNDBTS_CRS-MMM.wav	1.2	SoundBits - Cars - Mad Mustang Mercury/VEHMech_Car Foey Gas and Brakes Pedals 08 B_SNDBTS_CRS-MMM.wav
SoundBits	Cars - Mad Mustang Mercury	VEHSkid_Tire Skids on Gravel 15 06_SNDBTS_CRS-MMM.wav	9.1	SoundBits - Cars - Mad Mustang Mercury/VEHSkid_Tire Skids on Gravel 15 06_SNDBTS_CRS-MMM.wav
SoundBits	Motorcycles - Honda	MOVEMisc_Honda CB750 Hornet Get On Bike Helmet On 02_SNDBTS_MCH.wav	3.8	SoundBits - Motorcycles - Honda/MOVEMisc_Honda CB750 Hornet Get On Bike Helmet On 02_SNDBTS_MCH.wav
SoundBits	Motorcycles - Honda	VEHHorn_Honda CB500F Horn Long 02_SNDBTS_MCH.wav	0.4	SoundBits - Motorcycles - Honda/VEHHorn_Honda CB500F Horn Long 02_SNDBTS_MCH.wav
SoundBits	Motorcycles - Honda	VEHMoto_Honda CB500F Approach Fast Engine Stop 04_SNDBTS_MCH.wav	4.5	SoundBits - Motorcycles - Honda/VEHMoto_Honda CB500F Approach Fast Engine Stop 04_SNDBTS_MCH.wav
SoundBits	Motorcycles - Honda	VEHSkid_Honda CB500F Engine Start Tires Skidding Stop 02_SNDBTS_MCH.wav	4.4	SoundBits - Motorcycles - Honda/VEHSkid_Honda CB500F Engine Start Tires Skidding Stop 02_SNDBTS_MCH.wav
SoundBits	Motorcycles - Kawasaki	VEHBy_Kawasaki Ninja ZX 10R Pass By Fast 04 mono_SNDBTS_MCK.wav	3.3	SoundBits - Motorcycles - Kawasaki/VEHBy_Kawasaki Ninja ZX 10R Pass By Fast 04 mono_SNDBTS_MCK.wav
SoundBits	Motorcycles - Kawasaki	VEHHorn_Kawasaki Ninja ZX 10R Horn Single 03_SNDBTS_MCK.wav	0.1	SoundBits - Motorcycles - Kawasaki/VEHHorn_Kawasaki Ninja ZX 10R Horn Single 03_SNDBTS_MCK.wav
SoundBits	Motorcycles - Kawasaki	VEHMech_Kawasaki Ninja ZX 10R Keys In Out 01_SNDBTS_MCK.wav	0.5	SoundBits - Motorcycles - Kawasaki/VEHMech_Kawasaki Ninja ZX 10R Keys In Out 01_SNDBTS_MCK.wav
SoundBits	Motorcycles - Kawasaki	VEHMoto_Kawasaki Ninja ZX 10R Engine Start Leave 06_SNDBTS_MCK.wav	4.9	SoundBits - Motorcycles - Kawasaki/VEHMoto_Kawasaki Ninja ZX 10R Engine Start Leave 06_SNDBTS_MCK.wav
SoundBits	Pass-By - Trains, Trucks & Cars 2	AMBTraf_Traffic Multiple Cars Passing By 25_SNDBTS_PB-TTC2.wav	10.0	SoundBits - Pass-By - Trains, Trucks & Cars 2/AMBTraf_Traffic Multiple Cars Passing By 25_SNDBTS_PB-TTC2.wav
SoundBits	Pass-By - Trains, Trucks & Cars 2	TRNMisc_Pass By Train 41_SNDBTS_PB-TTC2.wav	6.8	SoundBits - Pass-By - Trains, Trucks & Cars 2/TRNMisc_Pass By Train 41_SNDBTS_PB-TTC2.wav
SoundBits	Pass-By - Trains, Trucks & Cars 2	TRNTram_Generic Tram Pass Py 13_SNDBTS_PB-TTC2.wav	10.1	SoundBits - Pass-By - Trains, Trucks & Cars 2/TRNTram_Generic Tram Pass Py 13_SNDBTS_PB-TTC2.wav
SoundBits	Pass-By - Trains, Trucks & Cars 2	VEHFrght_Freight Truck Pass By 22_SNDBTS_PB-TTC2.wav	2.9	SoundBits - Pass-By - Trains, Trucks & Cars 2/VEHFrght_Freight Truck Pass By 22_SNDBTS_PB-TTC2.wav
SoundBits	Vox Bestiae - Source Elements	CREAAqua_Aquatic Creature Gurgling 2_SNDBTS_VB-SE.wav	1.1	SoundBits - Vox Bestiae - Source Elements/CREAAqua_Aquatic Creature Gurgling 2_SNDBTS_VB-SE.wav
SoundBits	Vox Bestiae - Source Elements	CREAEthr_Ethereal Entity Grim Pain Long 4_SNDBTS_VB-SE.wav	0.5	SoundBits - Vox Bestiae - Source Elements/CREAEthr_Ethereal Entity Grim Pain Long 4_SNDBTS_VB-SE.wav
SoundBits	Vox Bestiae - Source Elements	CREAHmn_Violent Humanoid Creature Exhale Short 4_SNDBTS_VB-SE.wav	0.1	SoundBits - Vox Bestiae - Source Elements/CREAHmn_Violent Humanoid Creature Exhale Short 4_SNDBTS_VB-SE.wav
SoundBits	Vox Bestiae - Source Elements	CREAInsc_Insectoid Creature Tremble Attack Long 1_SNDBTS_VB-SE.wav	0.7	SoundBits - Vox Bestiae - Source Elements/CREAInsc_Insectoid Creature Tremble Attack Long 1_SNDBTS_VB-SE.wav
SoundBits	Vox Hominis - Human Effort Voices	HMNBrth_Panting Male 02 04_SNDBTS_VH.wav	2.5	SoundBits - Vox Hominis - Human Effort Voices/HMNBrth_Panting Male 02 04_SNDBTS_VH.wav
SoundBits	Vox Hominis - Human Effort Voices	VOXCry_Crying Female 04 05_SNDBTS_VH.wav	1.2	SoundBits - Vox Hominis - Human Effort Voices/VOXCry_Crying Female 04 05_SNDBTS_VH.wav
SoundBits	Vox Hominis - Human Effort Voices	VOXLaff_Laughing Female 02 06_SNDBTS_VH.wav	0.2	SoundBits - Vox Hominis - Human Effort Voices/VOXLaff_Laughing Female 02 06_SNDBTS_VH.wav
SoundBits	Vox Hominis - Human Effort Voices	WHSTHmn_Whistle Male 06 09_SNDBTS_VH.wav	0.7	SoundBits - Vox Hominis - Human Effort Voices/WHSTHmn_Whistle Male 06 09_SNDBTS_VH.wav
The Noisery	City Rain	RAINConc_Rain Medium Exterior Splatter City Traffic 6_The Noisery_City Rain.wav	87.0	The Noisery - City Rain/RAINConc_Rain Medium Exterior Splatter City Traffic 6_The Noisery_City Rain.wav
The Noisery	City Rain	RAINInt_Rain Light Interior Hail Storm_The Noisery_City Rain.wav	46.3	The Noisery - City Rain/RAINInt_Rain Light Interior Hail Storm_The Noisery_City Rain.wav
The Noisery	City Rain	WINDInt_Wind Strong Metal Rattle_The Noisery_City Rain.wav	30.1	The Noisery - City Rain/WINDInt_Wind Strong Metal Rattle_The Noisery_City Rain.wav
The Noisery	City Rain	WINDTonl_Wind Strong Gusts Hurricane Vents Rattle 06_The Noisery_City Rain.wav	89.6	The Noisery - City Rain/WINDTonl_Wind Strong Gusts Hurricane Vents Rattle 06_The Noisery_City Rain.wav
The Noisery	Moaning Metal	DSGNImpt_Metal Hit Thud Thump Low Ring Geofon 1_The Noisery_Moaning Metal.wav	2.9	The Noisery - Moaning Metal/DSGNImpt_Metal Hit Thud Thump Low Ring Geofon 1_The Noisery_Moaning Metal.wav
The Noisery	Moaning Metal	DSGNTonl_Designed Metal Bowed Screech Tonal Reverb 7_The Noisery_Moaning Metal.wav	22.9	The Noisery - Moaning Metal/DSGNTonl_Designed Metal Bowed Screech Tonal Reverb 7_The Noisery_Moaning Metal.wav
The Noisery	Moaning Metal	DSGNTonl_Metal Scrape Low Tonal LFE 4_The Noisery_Moaning Metal.wav	3.7	The Noisery - Moaning Metal/DSGNTonl_Metal Scrape Low Tonal LFE 4_The Noisery_Moaning Metal.wav
The Noisery	Rich Glitch	UIGlitch_Designed_Glitch_Corrupted_Data Error_The Noisery_Rich Glitch_06.wav	3.0	The Noisery - Rich Glitch/UIGlitch_Designed_Glitch_Corrupted_Data Error_The Noisery_Rich Glitch_06.wav
The Noisery	Rich Glitch	UIGlitch_User interface_Glitch_High_Electronic_The Noisery_Rich Glitch_05.wav	13.4	The Noisery - Rich Glitch/UIGlitch_User interface_Glitch_High_Electronic_The Noisery_Rich Glitch_05.wav
The Noisery	Transit Tunes - The German Train Collection	AMBTran_Ambience Platform Bahnhof Train Station Whistle_The Noisery_Transit Tunes_ The German Train Collection.wav	167.2	The Noisery - Transit Tunes - The German Train Collection/AMBTran_Ambience Platform Bahnhof Train Station Whistle_The Noisery_Transit Tunes_ The German Train Collection.wav
The Noisery	Transit Tunes - The German Train Collection	TRNElec_Train Electric Passenger By Close Right To_The Noisery_Transit Tunes_ The German Train Collection_01.wav	66.5	The Noisery - Transit Tunes - The German Train Collection/TRNElec_Train Electric Passenger By Close Right To_The Noisery_Transit Tunes_ The German Train Collection_01.wav
TheWorkRoom	Flip Flops	FFG002.wav	22.5	TheWorkRoom - Flip Flops/FFG002.wav
TheWorkRoom	Flip Flops	FFW003.wav	18.3	TheWorkRoom - Flip Flops/FFW003.wav
TheWorkRoom	Nigerian Walla	NIG015.wav	11.5	TheWorkRoom - Nigerian Walla/NIG015.wav
TheWorkRoom	Nigerian Walla	NIG053.wav	2.0	TheWorkRoom - Nigerian Walla/NIG053.wav
TheWorkRoom	Nigerian Walla	NIG065.wav	17.4	TheWorkRoom - Nigerian Walla/NIG065.wav
TheWorkRoom	South African Walla	SAV004.wav	40.1	TheWorkRoom - South African Walla/SAV004.wav
TheWorkRoom	South African Walla	SAW002.wav	34.2	TheWorkRoom - South African Walla/SAW002.wav
TheWorkRoom	Wire Cars	WIR006.wav	18.9	TheWorkRoom - Wire Cars/WIR006.wav
TheWorkRoom	Wire Cars	WIR028.wav	28.5	TheWorkRoom - Wire Cars/WIR028.wav
Victor Ermakov	Industrial Ambiences - Ship Repair Factory	AMBInd_Factory Hall Busy Alarm Machines Voices_CW.wav	37.7	Victor Ermakov - Industrial Ambiences - Ship Repair Factory/AMBInd_Factory Hall Busy Alarm Machines Voices_CW.wav
Victor Ermakov	Industrial Ambiences - Ship Repair Factory	MACHInd_Crane Onboard Ride Squeaks Motors_CW.wav	54.6	Victor Ermakov - Industrial Ambiences - Ship Repair Factory/MACHInd_Crane Onboard Ride Squeaks Motors_CW.wav
